name,label,hs,ms,rgb
Rust_hyper_30,Rust,Kaggle_Prepared\train\HS\Rust_hyper_30.tif,Kaggle_Prepared\train\MS\Rust_hyper_30.tif,Kaggle_Prepared\train\RGB\Rust_hyper_30.png
Health_hyper_45,Health,Kaggle_Prepared\train\HS\Health_hyper_45.tif,Kaggle_Prepared\train\MS\Health_hyper_45.tif,Kaggle_Prepared\train\RGB\Health_hyper_45.png
Rust_hyper_95,Rust,Kaggle_Prepared\train\HS\Rust_hyper_95.tif,Kaggle_Prepared\train\MS\Rust_hyper_95.tif,Kaggle_Prepared\train\RGB\Rust_hyper_95.png
Rust_hyper_117,Rust,Kaggle_Prepared\train\HS\Rust_hyper_117.tif,Kaggle_Prepared\train\MS\Rust_hyper_117.tif,Kaggle_Prepared\train\RGB\Rust_hyper_117.png
Health_hyper_37,Health,Kaggle_Prepared\train\HS\Health_hyper_37.tif,Kaggle_Prepared\train\MS\Health_hyper_37.tif,Kaggle_Prepared\train\RGB\Health_hyper_37.png
Health_hyper_64,Health,Kaggle_Prepared\train\HS\Health_hyper_64.tif,Kaggle_Prepared\train\MS\Health_hyper_64.tif,Kaggle_Prepared\train\RGB\Health_hyper_64.png
Other_hyper_23,Other,Kaggle_Prepared\train\HS\Other_hyper_23.tif,Kaggle_Prepared\train\MS\Other_hyper_23.tif,Kaggle_Prepared\train\RGB\Other_hyper_23.png
Rust_hyper_175,Rust,Kaggle_Prepared\train\HS\Rust_hyper_175.tif,Kaggle_Prepared\train\MS\Rust_hyper_175.tif,Kaggle_Prepared\train\RGB\Rust_hyper_175.png
Health_hyper_5,Health,Kaggle_Prepared\train\HS\Health_hyper_5.tif,Kaggle_Prepared\train\MS\Health_hyper_5.tif,Kaggle_Prepared\train\RGB\Health_hyper_5.png
Rust_hyper_173,Rust,Kaggle_Prepared\train\HS\Rust_hyper_173.tif,Kaggle_Prepared\train\MS\Rust_hyper_173.tif,Kaggle_Prepared\train\RGB\Rust_hyper_173.png
Rust_hyper_131,Rust,Kaggle_Prepared\train\HS\Rust_hyper_131.tif,Kaggle_Prepared\train\MS\Rust_hyper_131.tif,Kaggle_Prepared\train\RGB\Rust_hyper_131.png
Health_hyper_39,Health,Kaggle_Prepared\train\HS\Health_hyper_39.tif,Kaggle_Prepared\train\MS\Health_hyper_39.tif,Kaggle_Prepared\train\RGB\Health_hyper_39.png
Rust_hyper_189,Rust,Kaggle_Prepared\train\HS\Rust_hyper_189.tif,Kaggle_Prepared\train\MS\Rust_hyper_189.tif,Kaggle_Prepared\train\RGB\Rust_hyper_189.png
Other_hyper_196,Other,Kaggle_Prepared\train\HS\Other_hyper_196.tif,Kaggle_Prepared\train\MS\Other_hyper_196.tif,Kaggle_Prepared\train\RGB\Other_hyper_196.png
Health_hyper_79,Health,Kaggle_Prepared\train\HS\Health_hyper_79.tif,Kaggle_Prepared\train\MS\Health_hyper_79.tif,Kaggle_Prepared\train\RGB\Health_hyper_79.png
Rust_hyper_58,Rust,Kaggle_Prepared\train\HS\Rust_hyper_58.tif,Kaggle_Prepared\train\MS\Rust_hyper_58.tif,Kaggle_Prepared\train\RGB\Rust_hyper_58.png
Health_hyper_62,Health,Kaggle_Prepared\train\HS\Health_hyper_62.tif,Kaggle_Prepared\train\MS\Health_hyper_62.tif,Kaggle_Prepared\train\RGB\Health_hyper_62.png
Health_hyper_141,Health,Kaggle_Prepared\train\HS\Health_hyper_141.tif,Kaggle_Prepared\train\MS\Health_hyper_141.tif,Kaggle_Prepared\train\RGB\Health_hyper_141.png
Other_hyper_7,Other,Kaggle_Prepared\train\HS\Other_hyper_7.tif,Kaggle_Prepared\train\MS\Other_hyper_7.tif,Kaggle_Prepared\train\RGB\Other_hyper_7.png
Rust_hyper_162,Rust,Kaggle_Prepared\train\HS\Rust_hyper_162.tif,Kaggle_Prepared\train\MS\Rust_hyper_162.tif,Kaggle_Prepared\train\RGB\Rust_hyper_162.png
Rust_hyper_29,Rust,Kaggle_Prepared\train\HS\Rust_hyper_29.tif,Kaggle_Prepared\train\MS\Rust_hyper_29.tif,Kaggle_Prepared\train\RGB\Rust_hyper_29.png
Rust_hyper_139,Rust,Kaggle_Prepared\train\HS\Rust_hyper_139.tif,Kaggle_Prepared\train\MS\Rust_hyper_139.tif,Kaggle_Prepared\train\RGB\Rust_hyper_139.png
Rust_hyper_147,Rust,Kaggle_Prepared\train\HS\Rust_hyper_147.tif,Kaggle_Prepared\train\MS\Rust_hyper_147.tif,Kaggle_Prepared\train\RGB\Rust_hyper_147.png
Rust_hyper_143,Rust,Kaggle_Prepared\train\HS\Rust_hyper_143.tif,Kaggle_Prepared\train\MS\Rust_hyper_143.tif,Kaggle_Prepared\train\RGB\Rust_hyper_143.png
Other_hyper_125,Other,Kaggle_Prepared\train\HS\Other_hyper_125.tif,Kaggle_Prepared\train\MS\Other_hyper_125.tif,Kaggle_Prepared\train\RGB\Other_hyper_125.png
Rust_hyper_42,Rust,Kaggle_Prepared\train\HS\Rust_hyper_42.tif,Kaggle_Prepared\train\MS\Rust_hyper_42.tif,Kaggle_Prepared\train\RGB\Rust_hyper_42.png
Health_hyper_90,Health,Kaggle_Prepared\train\HS\Health_hyper_90.tif,Kaggle_Prepared\train\MS\Health_hyper_90.tif,Kaggle_Prepared\train\RGB\Health_hyper_90.png
Other_hyper_189,Other,Kaggle_Prepared\train\HS\Other_hyper_189.tif,Kaggle_Prepared\train\MS\Other_hyper_189.tif,Kaggle_Prepared\train\RGB\Other_hyper_189.png
Health_hyper_145,Health,Kaggle_Prepared\train\HS\Health_hyper_145.tif,Kaggle_Prepared\train\MS\Health_hyper_145.tif,Kaggle_Prepared\train\RGB\Health_hyper_145.png
Other_hyper_38,Other,Kaggle_Prepared\train\HS\Other_hyper_38.tif,Kaggle_Prepared\train\MS\Other_hyper_38.tif,Kaggle_Prepared\train\RGB\Other_hyper_38.png
Health_hyper_175,Health,Kaggle_Prepared\train\HS\Health_hyper_175.tif,Kaggle_Prepared\train\MS\Health_hyper_175.tif,Kaggle_Prepared\train\RGB\Health_hyper_175.png
Health_hyper_73,Health,Kaggle_Prepared\train\HS\Health_hyper_73.tif,Kaggle_Prepared\train\MS\Health_hyper_73.tif,Kaggle_Prepared\train\RGB\Health_hyper_73.png
Other_hyper_166,Other,Kaggle_Prepared\train\HS\Other_hyper_166.tif,Kaggle_Prepared\train\MS\Other_hyper_166.tif,Kaggle_Prepared\train\RGB\Other_hyper_166.png
Rust_hyper_4,Rust,Kaggle_Prepared\train\HS\Rust_hyper_4.tif,Kaggle_Prepared\train\MS\Rust_hyper_4.tif,Kaggle_Prepared\train\RGB\Rust_hyper_4.png
Health_hyper_31,Health,Kaggle_Prepared\train\HS\Health_hyper_31.tif,Kaggle_Prepared\train\MS\Health_hyper_31.tif,Kaggle_Prepared\train\RGB\Health_hyper_31.png
Health_hyper_75,Health,Kaggle_Prepared\train\HS\Health_hyper_75.tif,Kaggle_Prepared\train\MS\Health_hyper_75.tif,Kaggle_Prepared\train\RGB\Health_hyper_75.png
Other_hyper_103,Other,Kaggle_Prepared\train\HS\Other_hyper_103.tif,Kaggle_Prepared\train\MS\Other_hyper_103.tif,Kaggle_Prepared\train\RGB\Other_hyper_103.png
Rust_hyper_113,Rust,Kaggle_Prepared\train\HS\Rust_hyper_113.tif,Kaggle_Prepared\train\MS\Rust_hyper_113.tif,Kaggle_Prepared\train\RGB\Rust_hyper_113.png
Other_hyper_178,Other,Kaggle_Prepared\train\HS\Other_hyper_178.tif,Kaggle_Prepared\train\MS\Other_hyper_178.tif,Kaggle_Prepared\train\RGB\Other_hyper_178.png
Rust_hyper_125,Rust,Kaggle_Prepared\train\HS\Rust_hyper_125.tif,Kaggle_Prepared\train\MS\Rust_hyper_125.tif,Kaggle_Prepared\train\RGB\Rust_hyper_125.png
Rust_hyper_36,Rust,Kaggle_Prepared\train\HS\Rust_hyper_36.tif,Kaggle_Prepared\train\MS\Rust_hyper_36.tif,Kaggle_Prepared\train\RGB\Rust_hyper_36.png
Health_hyper_128,Health,Kaggle_Prepared\train\HS\Health_hyper_128.tif,Kaggle_Prepared\train\MS\Health_hyper_128.tif,Kaggle_Prepared\train\RGB\Health_hyper_128.png
Other_hyper_117,Other,Kaggle_Prepared\train\HS\Other_hyper_117.tif,Kaggle_Prepared\train\MS\Other_hyper_117.tif,Kaggle_Prepared\train\RGB\Other_hyper_117.png
Other_hyper_32,Other,Kaggle_Prepared\train\HS\Other_hyper_32.tif,Kaggle_Prepared\train\MS\Other_hyper_32.tif,Kaggle_Prepared\train\RGB\Other_hyper_32.png
Rust_hyper_182,Rust,Kaggle_Prepared\train\HS\Rust_hyper_182.tif,Kaggle_Prepared\train\MS\Rust_hyper_182.tif,Kaggle_Prepared\train\RGB\Rust_hyper_182.png
Health_hyper_124,Health,Kaggle_Prepared\train\HS\Health_hyper_124.tif,Kaggle_Prepared\train\MS\Health_hyper_124.tif,Kaggle_Prepared\train\RGB\Health_hyper_124.png
Other_hyper_195,Other,Kaggle_Prepared\train\HS\Other_hyper_195.tif,Kaggle_Prepared\train\MS\Other_hyper_195.tif,Kaggle_Prepared\train\RGB\Other_hyper_195.png
Other_hyper_61,Other,Kaggle_Prepared\train\HS\Other_hyper_61.tif,Kaggle_Prepared\train\MS\Other_hyper_61.tif,Kaggle_Prepared\train\RGB\Other_hyper_61.png
Other_hyper_65,Other,Kaggle_Prepared\train\HS\Other_hyper_65.tif,Kaggle_Prepared\train\MS\Other_hyper_65.tif,Kaggle_Prepared\train\RGB\Other_hyper_65.png
Other_hyper_88,Other,Kaggle_Prepared\train\HS\Other_hyper_88.tif,Kaggle_Prepared\train\MS\Other_hyper_88.tif,Kaggle_Prepared\train\RGB\Other_hyper_88.png
Rust_hyper_111,Rust,Kaggle_Prepared\train\HS\Rust_hyper_111.tif,Kaggle_Prepared\train\MS\Rust_hyper_111.tif,Kaggle_Prepared\train\RGB\Rust_hyper_111.png
Rust_hyper_105,Rust,Kaggle_Prepared\train\HS\Rust_hyper_105.tif,Kaggle_Prepared\train\MS\Rust_hyper_105.tif,Kaggle_Prepared\train\RGB\Rust_hyper_105.png
Other_hyper_156,Other,Kaggle_Prepared\train\HS\Other_hyper_156.tif,Kaggle_Prepared\train\MS\Other_hyper_156.tif,Kaggle_Prepared\train\RGB\Other_hyper_156.png
Health_hyper_138,Health,Kaggle_Prepared\train\HS\Health_hyper_138.tif,Kaggle_Prepared\train\MS\Health_hyper_138.tif,Kaggle_Prepared\train\RGB\Health_hyper_138.png
Health_hyper_94,Health,Kaggle_Prepared\train\HS\Health_hyper_94.tif,Kaggle_Prepared\train\MS\Health_hyper_94.tif,Kaggle_Prepared\train\RGB\Health_hyper_94.png
Rust_hyper_198,Rust,Kaggle_Prepared\train\HS\Rust_hyper_198.tif,Kaggle_Prepared\train\MS\Rust_hyper_198.tif,Kaggle_Prepared\train\RGB\Rust_hyper_198.png
Health_hyper_115,Health,Kaggle_Prepared\train\HS\Health_hyper_115.tif,Kaggle_Prepared\train\MS\Health_hyper_115.tif,Kaggle_Prepared\train\RGB\Health_hyper_115.png
Health_hyper_136,Health,Kaggle_Prepared\train\HS\Health_hyper_136.tif,Kaggle_Prepared\train\MS\Health_hyper_136.tif,Kaggle_Prepared\train\RGB\Health_hyper_136.png
Other_hyper_184,Other,Kaggle_Prepared\train\HS\Other_hyper_184.tif,Kaggle_Prepared\train\MS\Other_hyper_184.tif,Kaggle_Prepared\train\RGB\Other_hyper_184.png
Rust_hyper_151,Rust,Kaggle_Prepared\train\HS\Rust_hyper_151.tif,Kaggle_Prepared\train\MS\Rust_hyper_151.tif,Kaggle_Prepared\train\RGB\Rust_hyper_151.png
Rust_hyper_57,Rust,Kaggle_Prepared\train\HS\Rust_hyper_57.tif,Kaggle_Prepared\train\MS\Rust_hyper_57.tif,Kaggle_Prepared\train\RGB\Rust_hyper_57.png
Rust_hyper_91,Rust,Kaggle_Prepared\train\HS\Rust_hyper_91.tif,Kaggle_Prepared\train\MS\Rust_hyper_91.tif,Kaggle_Prepared\train\RGB\Rust_hyper_91.png
Other_hyper_180,Other,Kaggle_Prepared\train\HS\Other_hyper_180.tif,Kaggle_Prepared\train\MS\Other_hyper_180.tif,Kaggle_Prepared\train\RGB\Other_hyper_180.png
Other_hyper_170,Other,Kaggle_Prepared\train\HS\Other_hyper_170.tif,Kaggle_Prepared\train\MS\Other_hyper_170.tif,Kaggle_Prepared\train\RGB\Other_hyper_170.png
Rust_hyper_2,Rust,Kaggle_Prepared\train\HS\Rust_hyper_2.tif,Kaggle_Prepared\train\MS\Rust_hyper_2.tif,Kaggle_Prepared\train\RGB\Rust_hyper_2.png
Rust_hyper_90,Rust,Kaggle_Prepared\train\HS\Rust_hyper_90.tif,Kaggle_Prepared\train\MS\Rust_hyper_90.tif,Kaggle_Prepared\train\RGB\Rust_hyper_90.png
Rust_hyper_176,Rust,Kaggle_Prepared\train\HS\Rust_hyper_176.tif,Kaggle_Prepared\train\MS\Rust_hyper_176.tif,Kaggle_Prepared\train\RGB\Rust_hyper_176.png
Health_hyper_147,Health,Kaggle_Prepared\train\HS\Health_hyper_147.tif,Kaggle_Prepared\train\MS\Health_hyper_147.tif,Kaggle_Prepared\train\RGB\Health_hyper_147.png
Health_hyper_57,Health,Kaggle_Prepared\train\HS\Health_hyper_57.tif,Kaggle_Prepared\train\MS\Health_hyper_57.tif,Kaggle_Prepared\train\RGB\Health_hyper_57.png
Health_hyper_6,Health,Kaggle_Prepared\train\HS\Health_hyper_6.tif,Kaggle_Prepared\train\MS\Health_hyper_6.tif,Kaggle_Prepared\train\RGB\Health_hyper_6.png
Other_hyper_107,Other,Kaggle_Prepared\train\HS\Other_hyper_107.tif,Kaggle_Prepared\train\MS\Other_hyper_107.tif,Kaggle_Prepared\train\RGB\Other_hyper_107.png
Other_hyper_26,Other,Kaggle_Prepared\train\HS\Other_hyper_26.tif,Kaggle_Prepared\train\MS\Other_hyper_26.tif,Kaggle_Prepared\train\RGB\Other_hyper_26.png
Health_hyper_131,Health,Kaggle_Prepared\train\HS\Health_hyper_131.tif,Kaggle_Prepared\train\MS\Health_hyper_131.tif,Kaggle_Prepared\train\RGB\Health_hyper_131.png
Other_hyper_120,Other,Kaggle_Prepared\train\HS\Other_hyper_120.tif,Kaggle_Prepared\train\MS\Other_hyper_120.tif,Kaggle_Prepared\train\RGB\Other_hyper_120.png
Health_hyper_59,Health,Kaggle_Prepared\train\HS\Health_hyper_59.tif,Kaggle_Prepared\train\MS\Health_hyper_59.tif,Kaggle_Prepared\train\RGB\Health_hyper_59.png
Rust_hyper_40,Rust,Kaggle_Prepared\train\HS\Rust_hyper_40.tif,Kaggle_Prepared\train\MS\Rust_hyper_40.tif,Kaggle_Prepared\train\RGB\Rust_hyper_40.png
Rust_hyper_165,Rust,Kaggle_Prepared\train\HS\Rust_hyper_165.tif,Kaggle_Prepared\train\MS\Rust_hyper_165.tif,Kaggle_Prepared\train\RGB\Rust_hyper_165.png
Health_hyper_51,Health,Kaggle_Prepared\train\HS\Health_hyper_51.tif,Kaggle_Prepared\train\MS\Health_hyper_51.tif,Kaggle_Prepared\train\RGB\Health_hyper_51.png
Other_hyper_190,Other,Kaggle_Prepared\train\HS\Other_hyper_190.tif,Kaggle_Prepared\train\MS\Other_hyper_190.tif,Kaggle_Prepared\train\RGB\Other_hyper_190.png
Rust_hyper_99,Rust,Kaggle_Prepared\train\HS\Rust_hyper_99.tif,Kaggle_Prepared\train\MS\Rust_hyper_99.tif,Kaggle_Prepared\train\RGB\Rust_hyper_99.png
Health_hyper_155,Health,Kaggle_Prepared\train\HS\Health_hyper_155.tif,Kaggle_Prepared\train\MS\Health_hyper_155.tif,Kaggle_Prepared\train\RGB\Health_hyper_155.png
Health_hyper_172,Health,Kaggle_Prepared\train\HS\Health_hyper_172.tif,Kaggle_Prepared\train\MS\Health_hyper_172.tif,Kaggle_Prepared\train\RGB\Health_hyper_172.png
Health_hyper_114,Health,Kaggle_Prepared\train\HS\Health_hyper_114.tif,Kaggle_Prepared\train\MS\Health_hyper_114.tif,Kaggle_Prepared\train\RGB\Health_hyper_114.png
Health_hyper_200,Health,Kaggle_Prepared\train\HS\Health_hyper_200.tif,Kaggle_Prepared\train\MS\Health_hyper_200.tif,Kaggle_Prepared\train\RGB\Health_hyper_200.png
Other_hyper_105,Other,Kaggle_Prepared\train\HS\Other_hyper_105.tif,Kaggle_Prepared\train\MS\Other_hyper_105.tif,Kaggle_Prepared\train\RGB\Other_hyper_105.png
Other_hyper_151,Other,Kaggle_Prepared\train\HS\Other_hyper_151.tif,Kaggle_Prepared\train\MS\Other_hyper_151.tif,Kaggle_Prepared\train\RGB\Other_hyper_151.png
Other_hyper_127,Other,Kaggle_Prepared\train\HS\Other_hyper_127.tif,Kaggle_Prepared\train\MS\Other_hyper_127.tif,Kaggle_Prepared\train\RGB\Other_hyper_127.png
Other_hyper_165,Other,Kaggle_Prepared\train\HS\Other_hyper_165.tif,Kaggle_Prepared\train\MS\Other_hyper_165.tif,Kaggle_Prepared\train\RGB\Other_hyper_165.png
Health_hyper_3,Health,Kaggle_Prepared\train\HS\Health_hyper_3.tif,Kaggle_Prepared\train\MS\Health_hyper_3.tif,Kaggle_Prepared\train\RGB\Health_hyper_3.png
Health_hyper_186,Health,Kaggle_Prepared\train\HS\Health_hyper_186.tif,Kaggle_Prepared\train\MS\Health_hyper_186.tif,Kaggle_Prepared\train\RGB\Health_hyper_186.png
Health_hyper_8,Health,Kaggle_Prepared\train\HS\Health_hyper_8.tif,Kaggle_Prepared\train\MS\Health_hyper_8.tif,Kaggle_Prepared\train\RGB\Health_hyper_8.png
Other_hyper_198,Other,Kaggle_Prepared\train\HS\Other_hyper_198.tif,Kaggle_Prepared\train\MS\Other_hyper_198.tif,Kaggle_Prepared\train\RGB\Other_hyper_198.png
Health_hyper_48,Health,Kaggle_Prepared\train\HS\Health_hyper_48.tif,Kaggle_Prepared\train\MS\Health_hyper_48.tif,Kaggle_Prepared\train\RGB\Health_hyper_48.png
Rust_hyper_9,Rust,Kaggle_Prepared\train\HS\Rust_hyper_9.tif,Kaggle_Prepared\train\MS\Rust_hyper_9.tif,Kaggle_Prepared\train\RGB\Rust_hyper_9.png
Rust_hyper_78,Rust,Kaggle_Prepared\train\HS\Rust_hyper_78.tif,Kaggle_Prepared\train\MS\Rust_hyper_78.tif,Kaggle_Prepared\train\RGB\Rust_hyper_78.png
Health_hyper_121,Health,Kaggle_Prepared\train\HS\Health_hyper_121.tif,Kaggle_Prepared\train\MS\Health_hyper_121.tif,Kaggle_Prepared\train\RGB\Health_hyper_121.png
Health_hyper_183,Health,Kaggle_Prepared\train\HS\Health_hyper_183.tif,Kaggle_Prepared\train\MS\Health_hyper_183.tif,Kaggle_Prepared\train\RGB\Health_hyper_183.png
Other_hyper_15,Other,Kaggle_Prepared\train\HS\Other_hyper_15.tif,Kaggle_Prepared\train\MS\Other_hyper_15.tif,Kaggle_Prepared\train\RGB\Other_hyper_15.png
Rust_hyper_134,Rust,Kaggle_Prepared\train\HS\Rust_hyper_134.tif,Kaggle_Prepared\train\MS\Rust_hyper_134.tif,Kaggle_Prepared\train\RGB\Rust_hyper_134.png
Health_hyper_76,Health,Kaggle_Prepared\train\HS\Health_hyper_76.tif,Kaggle_Prepared\train\MS\Health_hyper_76.tif,Kaggle_Prepared\train\RGB\Health_hyper_76.png
Other_hyper_130,Other,Kaggle_Prepared\train\HS\Other_hyper_130.tif,Kaggle_Prepared\train\MS\Other_hyper_130.tif,Kaggle_Prepared\train\RGB\Other_hyper_130.png
Rust_hyper_27,Rust,Kaggle_Prepared\train\HS\Rust_hyper_27.tif,Kaggle_Prepared\train\MS\Rust_hyper_27.tif,Kaggle_Prepared\train\RGB\Rust_hyper_27.png
Other_hyper_162,Other,Kaggle_Prepared\train\HS\Other_hyper_162.tif,Kaggle_Prepared\train\MS\Other_hyper_162.tif,Kaggle_Prepared\train\RGB\Other_hyper_162.png
Other_hyper_71,Other,Kaggle_Prepared\train\HS\Other_hyper_71.tif,Kaggle_Prepared\train\MS\Other_hyper_71.tif,Kaggle_Prepared\train\RGB\Other_hyper_71.png
Rust_hyper_10,Rust,Kaggle_Prepared\train\HS\Rust_hyper_10.tif,Kaggle_Prepared\train\MS\Rust_hyper_10.tif,Kaggle_Prepared\train\RGB\Rust_hyper_10.png
Health_hyper_88,Health,Kaggle_Prepared\train\HS\Health_hyper_88.tif,Kaggle_Prepared\train\MS\Health_hyper_88.tif,Kaggle_Prepared\train\RGB\Health_hyper_88.png
Health_hyper_50,Health,Kaggle_Prepared\train\HS\Health_hyper_50.tif,Kaggle_Prepared\train\MS\Health_hyper_50.tif,Kaggle_Prepared\train\RGB\Health_hyper_50.png
Health_hyper_18,Health,Kaggle_Prepared\train\HS\Health_hyper_18.tif,Kaggle_Prepared\train\MS\Health_hyper_18.tif,Kaggle_Prepared\train\RGB\Health_hyper_18.png
Other_hyper_109,Other,Kaggle_Prepared\train\HS\Other_hyper_109.tif,Kaggle_Prepared\train\MS\Other_hyper_109.tif,Kaggle_Prepared\train\RGB\Other_hyper_109.png
Health_hyper_112,Health,Kaggle_Prepared\train\HS\Health_hyper_112.tif,Kaggle_Prepared\train\MS\Health_hyper_112.tif,Kaggle_Prepared\train\RGB\Health_hyper_112.png
Rust_hyper_12,Rust,Kaggle_Prepared\train\HS\Rust_hyper_12.tif,Kaggle_Prepared\train\MS\Rust_hyper_12.tif,Kaggle_Prepared\train\RGB\Rust_hyper_12.png
Other_hyper_200,Other,Kaggle_Prepared\train\HS\Other_hyper_200.tif,Kaggle_Prepared\train\MS\Other_hyper_200.tif,Kaggle_Prepared\train\RGB\Other_hyper_200.png
Rust_hyper_163,Rust,Kaggle_Prepared\train\HS\Rust_hyper_163.tif,Kaggle_Prepared\train\MS\Rust_hyper_163.tif,Kaggle_Prepared\train\RGB\Rust_hyper_163.png
Rust_hyper_167,Rust,Kaggle_Prepared\train\HS\Rust_hyper_167.tif,Kaggle_Prepared\train\MS\Rust_hyper_167.tif,Kaggle_Prepared\train\RGB\Rust_hyper_167.png
Rust_hyper_96,Rust,Kaggle_Prepared\train\HS\Rust_hyper_96.tif,Kaggle_Prepared\train\MS\Rust_hyper_96.tif,Kaggle_Prepared\train\RGB\Rust_hyper_96.png
Health_hyper_177,Health,Kaggle_Prepared\train\HS\Health_hyper_177.tif,Kaggle_Prepared\train\MS\Health_hyper_177.tif,Kaggle_Prepared\train\RGB\Health_hyper_177.png
Other_hyper_5,Other,Kaggle_Prepared\train\HS\Other_hyper_5.tif,Kaggle_Prepared\train\MS\Other_hyper_5.tif,Kaggle_Prepared\train\RGB\Other_hyper_5.png
Rust_hyper_108,Rust,Kaggle_Prepared\train\HS\Rust_hyper_108.tif,Kaggle_Prepared\train\MS\Rust_hyper_108.tif,Kaggle_Prepared\train\RGB\Rust_hyper_108.png
Rust_hyper_138,Rust,Kaggle_Prepared\train\HS\Rust_hyper_138.tif,Kaggle_Prepared\train\MS\Rust_hyper_138.tif,Kaggle_Prepared\train\RGB\Rust_hyper_138.png
Other_hyper_137,Other,Kaggle_Prepared\train\HS\Other_hyper_137.tif,Kaggle_Prepared\train\MS\Other_hyper_137.tif,Kaggle_Prepared\train\RGB\Other_hyper_137.png
Health_hyper_122,Health,Kaggle_Prepared\train\HS\Health_hyper_122.tif,Kaggle_Prepared\train\MS\Health_hyper_122.tif,Kaggle_Prepared\train\RGB\Health_hyper_122.png
Health_hyper_27,Health,Kaggle_Prepared\train\HS\Health_hyper_27.tif,Kaggle_Prepared\train\MS\Health_hyper_27.tif,Kaggle_Prepared\train\RGB\Health_hyper_27.png
Health_hyper_159,Health,Kaggle_Prepared\train\HS\Health_hyper_159.tif,Kaggle_Prepared\train\MS\Health_hyper_159.tif,Kaggle_Prepared\train\RGB\Health_hyper_159.png
Health_hyper_40,Health,Kaggle_Prepared\train\HS\Health_hyper_40.tif,Kaggle_Prepared\train\MS\Health_hyper_40.tif,Kaggle_Prepared\train\RGB\Health_hyper_40.png
Other_hyper_68,Other,Kaggle_Prepared\train\HS\Other_hyper_68.tif,Kaggle_Prepared\train\MS\Other_hyper_68.tif,Kaggle_Prepared\train\RGB\Other_hyper_68.png
Rust_hyper_158,Rust,Kaggle_Prepared\train\HS\Rust_hyper_158.tif,Kaggle_Prepared\train\MS\Rust_hyper_158.tif,Kaggle_Prepared\train\RGB\Rust_hyper_158.png
Other_hyper_131,Other,Kaggle_Prepared\train\HS\Other_hyper_131.tif,Kaggle_Prepared\train\MS\Other_hyper_131.tif,Kaggle_Prepared\train\RGB\Other_hyper_131.png
Rust_hyper_177,Rust,Kaggle_Prepared\train\HS\Rust_hyper_177.tif,Kaggle_Prepared\train\MS\Rust_hyper_177.tif,Kaggle_Prepared\train\RGB\Rust_hyper_177.png
Other_hyper_96,Other,Kaggle_Prepared\train\HS\Other_hyper_96.tif,Kaggle_Prepared\train\MS\Other_hyper_96.tif,Kaggle_Prepared\train\RGB\Other_hyper_96.png
Other_hyper_114,Other,Kaggle_Prepared\train\HS\Other_hyper_114.tif,Kaggle_Prepared\train\MS\Other_hyper_114.tif,Kaggle_Prepared\train\RGB\Other_hyper_114.png
Rust_hyper_67,Rust,Kaggle_Prepared\train\HS\Rust_hyper_67.tif,Kaggle_Prepared\train\MS\Rust_hyper_67.tif,Kaggle_Prepared\train\RGB\Rust_hyper_67.png
Rust_hyper_13,Rust,Kaggle_Prepared\train\HS\Rust_hyper_13.tif,Kaggle_Prepared\train\MS\Rust_hyper_13.tif,Kaggle_Prepared\train\RGB\Rust_hyper_13.png
Rust_hyper_140,Rust,Kaggle_Prepared\train\HS\Rust_hyper_140.tif,Kaggle_Prepared\train\MS\Rust_hyper_140.tif,Kaggle_Prepared\train\RGB\Rust_hyper_140.png
Rust_hyper_170,Rust,Kaggle_Prepared\train\HS\Rust_hyper_170.tif,Kaggle_Prepared\train\MS\Rust_hyper_170.tif,Kaggle_Prepared\train\RGB\Rust_hyper_170.png
Other_hyper_45,Other,Kaggle_Prepared\train\HS\Other_hyper_45.tif,Kaggle_Prepared\train\MS\Other_hyper_45.tif,Kaggle_Prepared\train\RGB\Other_hyper_45.png
Other_hyper_147,Other,Kaggle_Prepared\train\HS\Other_hyper_147.tif,Kaggle_Prepared\train\MS\Other_hyper_147.tif,Kaggle_Prepared\train\RGB\Other_hyper_147.png
Rust_hyper_120,Rust,Kaggle_Prepared\train\HS\Rust_hyper_120.tif,Kaggle_Prepared\train\MS\Rust_hyper_120.tif,Kaggle_Prepared\train\RGB\Rust_hyper_120.png
Other_hyper_19,Other,Kaggle_Prepared\train\HS\Other_hyper_19.tif,Kaggle_Prepared\train\MS\Other_hyper_19.tif,Kaggle_Prepared\train\RGB\Other_hyper_19.png
Other_hyper_70,Other,Kaggle_Prepared\train\HS\Other_hyper_70.tif,Kaggle_Prepared\train\MS\Other_hyper_70.tif,Kaggle_Prepared\train\RGB\Other_hyper_70.png
Rust_hyper_89,Rust,Kaggle_Prepared\train\HS\Rust_hyper_89.tif,Kaggle_Prepared\train\MS\Rust_hyper_89.tif,Kaggle_Prepared\train\RGB\Rust_hyper_89.png
Rust_hyper_37,Rust,Kaggle_Prepared\train\HS\Rust_hyper_37.tif,Kaggle_Prepared\train\MS\Rust_hyper_37.tif,Kaggle_Prepared\train\RGB\Rust_hyper_37.png
Other_hyper_78,Other,Kaggle_Prepared\train\HS\Other_hyper_78.tif,Kaggle_Prepared\train\MS\Other_hyper_78.tif,Kaggle_Prepared\train\RGB\Other_hyper_78.png
Other_hyper_24,Other,Kaggle_Prepared\train\HS\Other_hyper_24.tif,Kaggle_Prepared\train\MS\Other_hyper_24.tif,Kaggle_Prepared\train\RGB\Other_hyper_24.png
Other_hyper_72,Other,Kaggle_Prepared\train\HS\Other_hyper_72.tif,Kaggle_Prepared\train\MS\Other_hyper_72.tif,Kaggle_Prepared\train\RGB\Other_hyper_72.png
Rust_hyper_69,Rust,Kaggle_Prepared\train\HS\Rust_hyper_69.tif,Kaggle_Prepared\train\MS\Rust_hyper_69.tif,Kaggle_Prepared\train\RGB\Rust_hyper_69.png
Rust_hyper_153,Rust,Kaggle_Prepared\train\HS\Rust_hyper_153.tif,Kaggle_Prepared\train\MS\Rust_hyper_153.tif,Kaggle_Prepared\train\RGB\Rust_hyper_153.png
Health_hyper_19,Health,Kaggle_Prepared\train\HS\Health_hyper_19.tif,Kaggle_Prepared\train\MS\Health_hyper_19.tif,Kaggle_Prepared\train\RGB\Health_hyper_19.png
Rust_hyper_172,Rust,Kaggle_Prepared\train\HS\Rust_hyper_172.tif,Kaggle_Prepared\train\MS\Rust_hyper_172.tif,Kaggle_Prepared\train\RGB\Rust_hyper_172.png
Rust_hyper_186,Rust,Kaggle_Prepared\train\HS\Rust_hyper_186.tif,Kaggle_Prepared\train\MS\Rust_hyper_186.tif,Kaggle_Prepared\train\RGB\Rust_hyper_186.png
Rust_hyper_88,Rust,Kaggle_Prepared\train\HS\Rust_hyper_88.tif,Kaggle_Prepared\train\MS\Rust_hyper_88.tif,Kaggle_Prepared\train\RGB\Rust_hyper_88.png
Other_hyper_64,Other,Kaggle_Prepared\train\HS\Other_hyper_64.tif,Kaggle_Prepared\train\MS\Other_hyper_64.tif,Kaggle_Prepared\train\RGB\Other_hyper_64.png
Other_hyper_97,Other,Kaggle_Prepared\train\HS\Other_hyper_97.tif,Kaggle_Prepared\train\MS\Other_hyper_97.tif,Kaggle_Prepared\train\RGB\Other_hyper_97.png
Health_hyper_168,Health,Kaggle_Prepared\train\HS\Health_hyper_168.tif,Kaggle_Prepared\train\MS\Health_hyper_168.tif,Kaggle_Prepared\train\RGB\Health_hyper_168.png
Health_hyper_107,Health,Kaggle_Prepared\train\HS\Health_hyper_107.tif,Kaggle_Prepared\train\MS\Health_hyper_107.tif,Kaggle_Prepared\train\RGB\Health_hyper_107.png
Health_hyper_70,Health,Kaggle_Prepared\train\HS\Health_hyper_70.tif,Kaggle_Prepared\train\MS\Health_hyper_70.tif,Kaggle_Prepared\train\RGB\Health_hyper_70.png
Health_hyper_101,Health,Kaggle_Prepared\train\HS\Health_hyper_101.tif,Kaggle_Prepared\train\MS\Health_hyper_101.tif,Kaggle_Prepared\train\RGB\Health_hyper_101.png
Health_hyper_24,Health,Kaggle_Prepared\train\HS\Health_hyper_24.tif,Kaggle_Prepared\train\MS\Health_hyper_24.tif,Kaggle_Prepared\train\RGB\Health_hyper_24.png
Health_hyper_82,Health,Kaggle_Prepared\train\HS\Health_hyper_82.tif,Kaggle_Prepared\train\MS\Health_hyper_82.tif,Kaggle_Prepared\train\RGB\Health_hyper_82.png
Other_hyper_59,Other,Kaggle_Prepared\train\HS\Other_hyper_59.tif,Kaggle_Prepared\train\MS\Other_hyper_59.tif,Kaggle_Prepared\train\RGB\Other_hyper_59.png
Other_hyper_28,Other,Kaggle_Prepared\train\HS\Other_hyper_28.tif,Kaggle_Prepared\train\MS\Other_hyper_28.tif,Kaggle_Prepared\train\RGB\Other_hyper_28.png
Health_hyper_187,Health,Kaggle_Prepared\train\HS\Health_hyper_187.tif,Kaggle_Prepared\train\MS\Health_hyper_187.tif,Kaggle_Prepared\train\RGB\Health_hyper_187.png
Rust_hyper_85,Rust,Kaggle_Prepared\train\HS\Rust_hyper_85.tif,Kaggle_Prepared\train\MS\Rust_hyper_85.tif,Kaggle_Prepared\train\RGB\Rust_hyper_85.png
Other_hyper_42,Other,Kaggle_Prepared\train\HS\Other_hyper_42.tif,Kaggle_Prepared\train\MS\Other_hyper_42.tif,Kaggle_Prepared\train\RGB\Other_hyper_42.png
Health_hyper_61,Health,Kaggle_Prepared\train\HS\Health_hyper_61.tif,Kaggle_Prepared\train\MS\Health_hyper_61.tif,Kaggle_Prepared\train\RGB\Health_hyper_61.png
Rust_hyper_157,Rust,Kaggle_Prepared\train\HS\Rust_hyper_157.tif,Kaggle_Prepared\train\MS\Rust_hyper_157.tif,Kaggle_Prepared\train\RGB\Rust_hyper_157.png
Health_hyper_41,Health,Kaggle_Prepared\train\HS\Health_hyper_41.tif,Kaggle_Prepared\train\MS\Health_hyper_41.tif,Kaggle_Prepared\train\RGB\Health_hyper_41.png
Health_hyper_30,Health,Kaggle_Prepared\train\HS\Health_hyper_30.tif,Kaggle_Prepared\train\MS\Health_hyper_30.tif,Kaggle_Prepared\train\RGB\Health_hyper_30.png
Health_hyper_174,Health,Kaggle_Prepared\train\HS\Health_hyper_174.tif,Kaggle_Prepared\train\MS\Health_hyper_174.tif,Kaggle_Prepared\train\RGB\Health_hyper_174.png
Health_hyper_149,Health,Kaggle_Prepared\train\HS\Health_hyper_149.tif,Kaggle_Prepared\train\MS\Health_hyper_149.tif,Kaggle_Prepared\train\RGB\Health_hyper_149.png
Other_hyper_136,Other,Kaggle_Prepared\train\HS\Other_hyper_136.tif,Kaggle_Prepared\train\MS\Other_hyper_136.tif,Kaggle_Prepared\train\RGB\Other_hyper_136.png
Other_hyper_149,Other,Kaggle_Prepared\train\HS\Other_hyper_149.tif,Kaggle_Prepared\train\MS\Other_hyper_149.tif,Kaggle_Prepared\train\RGB\Other_hyper_149.png
Health_hyper_74,Health,Kaggle_Prepared\train\HS\Health_hyper_74.tif,Kaggle_Prepared\train\MS\Health_hyper_74.tif,Kaggle_Prepared\train\RGB\Health_hyper_74.png
Health_hyper_11,Health,Kaggle_Prepared\train\HS\Health_hyper_11.tif,Kaggle_Prepared\train\MS\Health_hyper_11.tif,Kaggle_Prepared\train\RGB\Health_hyper_11.png
Other_hyper_85,Other,Kaggle_Prepared\train\HS\Other_hyper_85.tif,Kaggle_Prepared\train\MS\Other_hyper_85.tif,Kaggle_Prepared\train\RGB\Other_hyper_85.png
Rust_hyper_190,Rust,Kaggle_Prepared\train\HS\Rust_hyper_190.tif,Kaggle_Prepared\train\MS\Rust_hyper_190.tif,Kaggle_Prepared\train\RGB\Rust_hyper_190.png
Health_hyper_102,Health,Kaggle_Prepared\train\HS\Health_hyper_102.tif,Kaggle_Prepared\train\MS\Health_hyper_102.tif,Kaggle_Prepared\train\RGB\Health_hyper_102.png
Other_hyper_158,Other,Kaggle_Prepared\train\HS\Other_hyper_158.tif,Kaggle_Prepared\train\MS\Other_hyper_158.tif,Kaggle_Prepared\train\RGB\Other_hyper_158.png
Health_hyper_97,Health,Kaggle_Prepared\train\HS\Health_hyper_97.tif,Kaggle_Prepared\train\MS\Health_hyper_97.tif,Kaggle_Prepared\train\RGB\Health_hyper_97.png
Rust_hyper_127,Rust,Kaggle_Prepared\train\HS\Rust_hyper_127.tif,Kaggle_Prepared\train\MS\Rust_hyper_127.tif,Kaggle_Prepared\train\RGB\Rust_hyper_127.png
Other_hyper_57,Other,Kaggle_Prepared\train\HS\Other_hyper_57.tif,Kaggle_Prepared\train\MS\Other_hyper_57.tif,Kaggle_Prepared\train\RGB\Other_hyper_57.png
Other_hyper_168,Other,Kaggle_Prepared\train\HS\Other_hyper_168.tif,Kaggle_Prepared\train\MS\Other_hyper_168.tif,Kaggle_Prepared\train\RGB\Other_hyper_168.png
Rust_hyper_63,Rust,Kaggle_Prepared\train\HS\Rust_hyper_63.tif,Kaggle_Prepared\train\MS\Rust_hyper_63.tif,Kaggle_Prepared\train\RGB\Rust_hyper_63.png
Other_hyper_21,Other,Kaggle_Prepared\train\HS\Other_hyper_21.tif,Kaggle_Prepared\train\MS\Other_hyper_21.tif,Kaggle_Prepared\train\RGB\Other_hyper_21.png
Other_hyper_90,Other,Kaggle_Prepared\train\HS\Other_hyper_90.tif,Kaggle_Prepared\train\MS\Other_hyper_90.tif,Kaggle_Prepared\train\RGB\Other_hyper_90.png
Rust_hyper_80,Rust,Kaggle_Prepared\train\HS\Rust_hyper_80.tif,Kaggle_Prepared\train\MS\Rust_hyper_80.tif,Kaggle_Prepared\train\RGB\Rust_hyper_80.png
Rust_hyper_86,Rust,Kaggle_Prepared\train\HS\Rust_hyper_86.tif,Kaggle_Prepared\train\MS\Rust_hyper_86.tif,Kaggle_Prepared\train\RGB\Rust_hyper_86.png
Rust_hyper_35,Rust,Kaggle_Prepared\train\HS\Rust_hyper_35.tif,Kaggle_Prepared\train\MS\Rust_hyper_35.tif,Kaggle_Prepared\train\RGB\Rust_hyper_35.png
Rust_hyper_53,Rust,Kaggle_Prepared\train\HS\Rust_hyper_53.tif,Kaggle_Prepared\train\MS\Rust_hyper_53.tif,Kaggle_Prepared\train\RGB\Rust_hyper_53.png
Health_hyper_137,Health,Kaggle_Prepared\train\HS\Health_hyper_137.tif,Kaggle_Prepared\train\MS\Health_hyper_137.tif,Kaggle_Prepared\train\RGB\Health_hyper_137.png
Rust_hyper_116,Rust,Kaggle_Prepared\train\HS\Rust_hyper_116.tif,Kaggle_Prepared\train\MS\Rust_hyper_116.tif,Kaggle_Prepared\train\RGB\Rust_hyper_116.png
Health_hyper_9,Health,Kaggle_Prepared\train\HS\Health_hyper_9.tif,Kaggle_Prepared\train\MS\Health_hyper_9.tif,Kaggle_Prepared\train\RGB\Health_hyper_9.png
Other_hyper_159,Other,Kaggle_Prepared\train\HS\Other_hyper_159.tif,Kaggle_Prepared\train\MS\Other_hyper_159.tif,Kaggle_Prepared\train\RGB\Other_hyper_159.png
Health_hyper_68,Health,Kaggle_Prepared\train\HS\Health_hyper_68.tif,Kaggle_Prepared\train\MS\Health_hyper_68.tif,Kaggle_Prepared\train\RGB\Health_hyper_68.png
Rust_hyper_43,Rust,Kaggle_Prepared\train\HS\Rust_hyper_43.tif,Kaggle_Prepared\train\MS\Rust_hyper_43.tif,Kaggle_Prepared\train\RGB\Rust_hyper_43.png
Health_hyper_158,Health,Kaggle_Prepared\train\HS\Health_hyper_158.tif,Kaggle_Prepared\train\MS\Health_hyper_158.tif,Kaggle_Prepared\train\RGB\Health_hyper_158.png
Rust_hyper_137,Rust,Kaggle_Prepared\train\HS\Rust_hyper_137.tif,Kaggle_Prepared\train\MS\Rust_hyper_137.tif,Kaggle_Prepared\train\RGB\Rust_hyper_137.png
Other_hyper_52,Other,Kaggle_Prepared\train\HS\Other_hyper_52.tif,Kaggle_Prepared\train\MS\Other_hyper_52.tif,Kaggle_Prepared\train\RGB\Other_hyper_52.png
Health_hyper_176,Health,Kaggle_Prepared\train\HS\Health_hyper_176.tif,Kaggle_Prepared\train\MS\Health_hyper_176.tif,Kaggle_Prepared\train\RGB\Health_hyper_176.png
Health_hyper_15,Health,Kaggle_Prepared\train\HS\Health_hyper_15.tif,Kaggle_Prepared\train\MS\Health_hyper_15.tif,Kaggle_Prepared\train\RGB\Health_hyper_15.png
Other_hyper_181,Other,Kaggle_Prepared\train\HS\Other_hyper_181.tif,Kaggle_Prepared\train\MS\Other_hyper_181.tif,Kaggle_Prepared\train\RGB\Other_hyper_181.png
Rust_hyper_130,Rust,Kaggle_Prepared\train\HS\Rust_hyper_130.tif,Kaggle_Prepared\train\MS\Rust_hyper_130.tif,Kaggle_Prepared\train\RGB\Rust_hyper_130.png
Rust_hyper_192,Rust,Kaggle_Prepared\train\HS\Rust_hyper_192.tif,Kaggle_Prepared\train\MS\Rust_hyper_192.tif,Kaggle_Prepared\train\RGB\Rust_hyper_192.png
Other_hyper_17,Other,Kaggle_Prepared\train\HS\Other_hyper_17.tif,Kaggle_Prepared\train\MS\Other_hyper_17.tif,Kaggle_Prepared\train\RGB\Other_hyper_17.png
Rust_hyper_187,Rust,Kaggle_Prepared\train\HS\Rust_hyper_187.tif,Kaggle_Prepared\train\MS\Rust_hyper_187.tif,Kaggle_Prepared\train\RGB\Rust_hyper_187.png
Other_hyper_141,Other,Kaggle_Prepared\train\HS\Other_hyper_141.tif,Kaggle_Prepared\train\MS\Other_hyper_141.tif,Kaggle_Prepared\train\RGB\Other_hyper_141.png
Health_hyper_87,Health,Kaggle_Prepared\train\HS\Health_hyper_87.tif,Kaggle_Prepared\train\MS\Health_hyper_87.tif,Kaggle_Prepared\train\RGB\Health_hyper_87.png
Rust_hyper_199,Rust,Kaggle_Prepared\train\HS\Rust_hyper_199.tif,Kaggle_Prepared\train\MS\Rust_hyper_199.tif,Kaggle_Prepared\train\RGB\Rust_hyper_199.png
Health_hyper_42,Health,Kaggle_Prepared\train\HS\Health_hyper_42.tif,Kaggle_Prepared\train\MS\Health_hyper_42.tif,Kaggle_Prepared\train\RGB\Health_hyper_42.png
Health_hyper_56,Health,Kaggle_Prepared\train\HS\Health_hyper_56.tif,Kaggle_Prepared\train\MS\Health_hyper_56.tif,Kaggle_Prepared\train\RGB\Health_hyper_56.png
Other_hyper_138,Other,Kaggle_Prepared\train\HS\Other_hyper_138.tif,Kaggle_Prepared\train\MS\Other_hyper_138.tif,Kaggle_Prepared\train\RGB\Other_hyper_138.png
Other_hyper_110,Other,Kaggle_Prepared\train\HS\Other_hyper_110.tif,Kaggle_Prepared\train\MS\Other_hyper_110.tif,Kaggle_Prepared\train\RGB\Other_hyper_110.png
Rust_hyper_152,Rust,Kaggle_Prepared\train\HS\Rust_hyper_152.tif,Kaggle_Prepared\train\MS\Rust_hyper_152.tif,Kaggle_Prepared\train\RGB\Rust_hyper_152.png
Health_hyper_126,Health,Kaggle_Prepared\train\HS\Health_hyper_126.tif,Kaggle_Prepared\train\MS\Health_hyper_126.tif,Kaggle_Prepared\train\RGB\Health_hyper_126.png
Health_hyper_161,Health,Kaggle_Prepared\train\HS\Health_hyper_161.tif,Kaggle_Prepared\train\MS\Health_hyper_161.tif,Kaggle_Prepared\train\RGB\Health_hyper_161.png
Health_hyper_162,Health,Kaggle_Prepared\train\HS\Health_hyper_162.tif,Kaggle_Prepared\train\MS\Health_hyper_162.tif,Kaggle_Prepared\train\RGB\Health_hyper_162.png
Other_hyper_188,Other,Kaggle_Prepared\train\HS\Other_hyper_188.tif,Kaggle_Prepared\train\MS\Other_hyper_188.tif,Kaggle_Prepared\train\RGB\Other_hyper_188.png
Other_hyper_154,Other,Kaggle_Prepared\train\HS\Other_hyper_154.tif,Kaggle_Prepared\train\MS\Other_hyper_154.tif,Kaggle_Prepared\train\RGB\Other_hyper_154.png
Rust_hyper_14,Rust,Kaggle_Prepared\train\HS\Rust_hyper_14.tif,Kaggle_Prepared\train\MS\Rust_hyper_14.tif,Kaggle_Prepared\train\RGB\Rust_hyper_14.png
Rust_hyper_122,Rust,Kaggle_Prepared\train\HS\Rust_hyper_122.tif,Kaggle_Prepared\train\MS\Rust_hyper_122.tif,Kaggle_Prepared\train\RGB\Rust_hyper_122.png
Health_hyper_20,Health,Kaggle_Prepared\train\HS\Health_hyper_20.tif,Kaggle_Prepared\train\MS\Health_hyper_20.tif,Kaggle_Prepared\train\RGB\Health_hyper_20.png
Health_hyper_134,Health,Kaggle_Prepared\train\HS\Health_hyper_134.tif,Kaggle_Prepared\train\MS\Health_hyper_134.tif,Kaggle_Prepared\train\RGB\Health_hyper_134.png
Other_hyper_197,Other,Kaggle_Prepared\train\HS\Other_hyper_197.tif,Kaggle_Prepared\train\MS\Other_hyper_197.tif,Kaggle_Prepared\train\RGB\Other_hyper_197.png
Other_hyper_25,Other,Kaggle_Prepared\train\HS\Other_hyper_25.tif,Kaggle_Prepared\train\MS\Other_hyper_25.tif,Kaggle_Prepared\train\RGB\Other_hyper_25.png
Other_hyper_121,Other,Kaggle_Prepared\train\HS\Other_hyper_121.tif,Kaggle_Prepared\train\MS\Other_hyper_121.tif,Kaggle_Prepared\train\RGB\Other_hyper_121.png
Rust_hyper_98,Rust,Kaggle_Prepared\train\HS\Rust_hyper_98.tif,Kaggle_Prepared\train\MS\Rust_hyper_98.tif,Kaggle_Prepared\train\RGB\Rust_hyper_98.png
Rust_hyper_123,Rust,Kaggle_Prepared\train\HS\Rust_hyper_123.tif,Kaggle_Prepared\train\MS\Rust_hyper_123.tif,Kaggle_Prepared\train\RGB\Rust_hyper_123.png
Rust_hyper_73,Rust,Kaggle_Prepared\train\HS\Rust_hyper_73.tif,Kaggle_Prepared\train\MS\Rust_hyper_73.tif,Kaggle_Prepared\train\RGB\Rust_hyper_73.png
Other_hyper_37,Other,Kaggle_Prepared\train\HS\Other_hyper_37.tif,Kaggle_Prepared\train\MS\Other_hyper_37.tif,Kaggle_Prepared\train\RGB\Other_hyper_37.png
Other_hyper_142,Other,Kaggle_Prepared\train\HS\Other_hyper_142.tif,Kaggle_Prepared\train\MS\Other_hyper_142.tif,Kaggle_Prepared\train\RGB\Other_hyper_142.png
Health_hyper_85,Health,Kaggle_Prepared\train\HS\Health_hyper_85.tif,Kaggle_Prepared\train\MS\Health_hyper_85.tif,Kaggle_Prepared\train\RGB\Health_hyper_85.png
Rust_hyper_132,Rust,Kaggle_Prepared\train\HS\Rust_hyper_132.tif,Kaggle_Prepared\train\MS\Rust_hyper_132.tif,Kaggle_Prepared\train\RGB\Rust_hyper_132.png
Other_hyper_2,Other,Kaggle_Prepared\train\HS\Other_hyper_2.tif,Kaggle_Prepared\train\MS\Other_hyper_2.tif,Kaggle_Prepared\train\RGB\Other_hyper_2.png
Other_hyper_193,Other,Kaggle_Prepared\train\HS\Other_hyper_193.tif,Kaggle_Prepared\train\MS\Other_hyper_193.tif,Kaggle_Prepared\train\RGB\Other_hyper_193.png
Rust_hyper_87,Rust,Kaggle_Prepared\train\HS\Rust_hyper_87.tif,Kaggle_Prepared\train\MS\Rust_hyper_87.tif,Kaggle_Prepared\train\RGB\Rust_hyper_87.png
Health_hyper_98,Health,Kaggle_Prepared\train\HS\Health_hyper_98.tif,Kaggle_Prepared\train\MS\Health_hyper_98.tif,Kaggle_Prepared\train\RGB\Health_hyper_98.png
Other_hyper_116,Other,Kaggle_Prepared\train\HS\Other_hyper_116.tif,Kaggle_Prepared\train\MS\Other_hyper_116.tif,Kaggle_Prepared\train\RGB\Other_hyper_116.png
Other_hyper_144,Other,Kaggle_Prepared\train\HS\Other_hyper_144.tif,Kaggle_Prepared\train\MS\Other_hyper_144.tif,Kaggle_Prepared\train\RGB\Other_hyper_144.png
Health_hyper_193,Health,Kaggle_Prepared\train\HS\Health_hyper_193.tif,Kaggle_Prepared\train\MS\Health_hyper_193.tif,Kaggle_Prepared\train\RGB\Health_hyper_193.png
Other_hyper_44,Other,Kaggle_Prepared\train\HS\Other_hyper_44.tif,Kaggle_Prepared\train\MS\Other_hyper_44.tif,Kaggle_Prepared\train\RGB\Other_hyper_44.png
Other_hyper_76,Other,Kaggle_Prepared\train\HS\Other_hyper_76.tif,Kaggle_Prepared\train\MS\Other_hyper_76.tif,Kaggle_Prepared\train\RGB\Other_hyper_76.png
Other_hyper_167,Other,Kaggle_Prepared\train\HS\Other_hyper_167.tif,Kaggle_Prepared\train\MS\Other_hyper_167.tif,Kaggle_Prepared\train\RGB\Other_hyper_167.png
Health_hyper_116,Health,Kaggle_Prepared\train\HS\Health_hyper_116.tif,Kaggle_Prepared\train\MS\Health_hyper_116.tif,Kaggle_Prepared\train\RGB\Health_hyper_116.png
Rust_hyper_71,Rust,Kaggle_Prepared\train\HS\Rust_hyper_71.tif,Kaggle_Prepared\train\MS\Rust_hyper_71.tif,Kaggle_Prepared\train\RGB\Rust_hyper_71.png
Health_hyper_108,Health,Kaggle_Prepared\train\HS\Health_hyper_108.tif,Kaggle_Prepared\train\MS\Health_hyper_108.tif,Kaggle_Prepared\train\RGB\Health_hyper_108.png
Health_hyper_129,Health,Kaggle_Prepared\train\HS\Health_hyper_129.tif,Kaggle_Prepared\train\MS\Health_hyper_129.tif,Kaggle_Prepared\train\RGB\Health_hyper_129.png
Health_hyper_165,Health,Kaggle_Prepared\train\HS\Health_hyper_165.tif,Kaggle_Prepared\train\MS\Health_hyper_165.tif,Kaggle_Prepared\train\RGB\Health_hyper_165.png
Rust_hyper_168,Rust,Kaggle_Prepared\train\HS\Rust_hyper_168.tif,Kaggle_Prepared\train\MS\Rust_hyper_168.tif,Kaggle_Prepared\train\RGB\Rust_hyper_168.png
Other_hyper_175,Other,Kaggle_Prepared\train\HS\Other_hyper_175.tif,Kaggle_Prepared\train\MS\Other_hyper_175.tif,Kaggle_Prepared\train\RGB\Other_hyper_175.png
Health_hyper_135,Health,Kaggle_Prepared\train\HS\Health_hyper_135.tif,Kaggle_Prepared\train\MS\Health_hyper_135.tif,Kaggle_Prepared\train\RGB\Health_hyper_135.png
Rust_hyper_171,Rust,Kaggle_Prepared\train\HS\Rust_hyper_171.tif,Kaggle_Prepared\train\MS\Rust_hyper_171.tif,Kaggle_Prepared\train\RGB\Rust_hyper_171.png
Other_hyper_9,Other,Kaggle_Prepared\train\HS\Other_hyper_9.tif,Kaggle_Prepared\train\MS\Other_hyper_9.tif,Kaggle_Prepared\train\RGB\Other_hyper_9.png
Health_hyper_153,Health,Kaggle_Prepared\train\HS\Health_hyper_153.tif,Kaggle_Prepared\train\MS\Health_hyper_153.tif,Kaggle_Prepared\train\RGB\Health_hyper_153.png
Health_hyper_65,Health,Kaggle_Prepared\train\HS\Health_hyper_65.tif,Kaggle_Prepared\train\MS\Health_hyper_65.tif,Kaggle_Prepared\train\RGB\Health_hyper_65.png
Other_hyper_69,Other,Kaggle_Prepared\train\HS\Other_hyper_69.tif,Kaggle_Prepared\train\MS\Other_hyper_69.tif,Kaggle_Prepared\train\RGB\Other_hyper_69.png
Health_hyper_29,Health,Kaggle_Prepared\train\HS\Health_hyper_29.tif,Kaggle_Prepared\train\MS\Health_hyper_29.tif,Kaggle_Prepared\train\RGB\Health_hyper_29.png
Other_hyper_39,Other,Kaggle_Prepared\train\HS\Other_hyper_39.tif,Kaggle_Prepared\train\MS\Other_hyper_39.tif,Kaggle_Prepared\train\RGB\Other_hyper_39.png
Rust_hyper_197,Rust,Kaggle_Prepared\train\HS\Rust_hyper_197.tif,Kaggle_Prepared\train\MS\Rust_hyper_197.tif,Kaggle_Prepared\train\RGB\Rust_hyper_197.png
Other_hyper_67,Other,Kaggle_Prepared\train\HS\Other_hyper_67.tif,Kaggle_Prepared\train\MS\Other_hyper_67.tif,Kaggle_Prepared\train\RGB\Other_hyper_67.png
Rust_hyper_70,Rust,Kaggle_Prepared\train\HS\Rust_hyper_70.tif,Kaggle_Prepared\train\MS\Rust_hyper_70.tif,Kaggle_Prepared\train\RGB\Rust_hyper_70.png
Rust_hyper_93,Rust,Kaggle_Prepared\train\HS\Rust_hyper_93.tif,Kaggle_Prepared\train\MS\Rust_hyper_93.tif,Kaggle_Prepared\train\RGB\Rust_hyper_93.png
Rust_hyper_82,Rust,Kaggle_Prepared\train\HS\Rust_hyper_82.tif,Kaggle_Prepared\train\MS\Rust_hyper_82.tif,Kaggle_Prepared\train\RGB\Rust_hyper_82.png
Other_hyper_174,Other,Kaggle_Prepared\train\HS\Other_hyper_174.tif,Kaggle_Prepared\train\MS\Other_hyper_174.tif,Kaggle_Prepared\train\RGB\Other_hyper_174.png
Rust_hyper_97,Rust,Kaggle_Prepared\train\HS\Rust_hyper_97.tif,Kaggle_Prepared\train\MS\Rust_hyper_97.tif,Kaggle_Prepared\train\RGB\Rust_hyper_97.png
Health_hyper_113,Health,Kaggle_Prepared\train\HS\Health_hyper_113.tif,Kaggle_Prepared\train\MS\Health_hyper_113.tif,Kaggle_Prepared\train\RGB\Health_hyper_113.png
Other_hyper_30,Other,Kaggle_Prepared\train\HS\Other_hyper_30.tif,Kaggle_Prepared\train\MS\Other_hyper_30.tif,Kaggle_Prepared\train\RGB\Other_hyper_30.png
Health_hyper_46,Health,Kaggle_Prepared\train\HS\Health_hyper_46.tif,Kaggle_Prepared\train\MS\Health_hyper_46.tif,Kaggle_Prepared\train\RGB\Health_hyper_46.png
Rust_hyper_196,Rust,Kaggle_Prepared\train\HS\Rust_hyper_196.tif,Kaggle_Prepared\train\MS\Rust_hyper_196.tif,Kaggle_Prepared\train\RGB\Rust_hyper_196.png
Other_hyper_55,Other,Kaggle_Prepared\train\HS\Other_hyper_55.tif,Kaggle_Prepared\train\MS\Other_hyper_55.tif,Kaggle_Prepared\train\RGB\Other_hyper_55.png
Rust_hyper_142,Rust,Kaggle_Prepared\train\HS\Rust_hyper_142.tif,Kaggle_Prepared\train\MS\Rust_hyper_142.tif,Kaggle_Prepared\train\RGB\Rust_hyper_142.png
Health_hyper_71,Health,Kaggle_Prepared\train\HS\Health_hyper_71.tif,Kaggle_Prepared\train\MS\Health_hyper_71.tif,Kaggle_Prepared\train\RGB\Health_hyper_71.png
Rust_hyper_109,Rust,Kaggle_Prepared\train\HS\Rust_hyper_109.tif,Kaggle_Prepared\train\MS\Rust_hyper_109.tif,Kaggle_Prepared\train\RGB\Rust_hyper_109.png
Health_hyper_190,Health,Kaggle_Prepared\train\HS\Health_hyper_190.tif,Kaggle_Prepared\train\MS\Health_hyper_190.tif,Kaggle_Prepared\train\RGB\Health_hyper_190.png
Health_hyper_110,Health,Kaggle_Prepared\train\HS\Health_hyper_110.tif,Kaggle_Prepared\train\MS\Health_hyper_110.tif,Kaggle_Prepared\train\RGB\Health_hyper_110.png
Other_hyper_6,Other,Kaggle_Prepared\train\HS\Other_hyper_6.tif,Kaggle_Prepared\train\MS\Other_hyper_6.tif,Kaggle_Prepared\train\RGB\Other_hyper_6.png
Other_hyper_112,Other,Kaggle_Prepared\train\HS\Other_hyper_112.tif,Kaggle_Prepared\train\MS\Other_hyper_112.tif,Kaggle_Prepared\train\RGB\Other_hyper_112.png
Other_hyper_79,Other,Kaggle_Prepared\train\HS\Other_hyper_79.tif,Kaggle_Prepared\train\MS\Other_hyper_79.tif,Kaggle_Prepared\train\RGB\Other_hyper_79.png
Rust_hyper_156,Rust,Kaggle_Prepared\train\HS\Rust_hyper_156.tif,Kaggle_Prepared\train\MS\Rust_hyper_156.tif,Kaggle_Prepared\train\RGB\Rust_hyper_156.png
Rust_hyper_17,Rust,Kaggle_Prepared\train\HS\Rust_hyper_17.tif,Kaggle_Prepared\train\MS\Rust_hyper_17.tif,Kaggle_Prepared\train\RGB\Rust_hyper_17.png
Other_hyper_177,Other,Kaggle_Prepared\train\HS\Other_hyper_177.tif,Kaggle_Prepared\train\MS\Other_hyper_177.tif,Kaggle_Prepared\train\RGB\Other_hyper_177.png
Health_hyper_78,Health,Kaggle_Prepared\train\HS\Health_hyper_78.tif,Kaggle_Prepared\train\MS\Health_hyper_78.tif,Kaggle_Prepared\train\RGB\Health_hyper_78.png
Rust_hyper_191,Rust,Kaggle_Prepared\train\HS\Rust_hyper_191.tif,Kaggle_Prepared\train\MS\Rust_hyper_191.tif,Kaggle_Prepared\train\RGB\Rust_hyper_191.png
Health_hyper_69,Health,Kaggle_Prepared\train\HS\Health_hyper_69.tif,Kaggle_Prepared\train\MS\Health_hyper_69.tif,Kaggle_Prepared\train\RGB\Health_hyper_69.png
Rust_hyper_51,Rust,Kaggle_Prepared\train\HS\Rust_hyper_51.tif,Kaggle_Prepared\train\MS\Rust_hyper_51.tif,Kaggle_Prepared\train\RGB\Rust_hyper_51.png
Health_hyper_133,Health,Kaggle_Prepared\train\HS\Health_hyper_133.tif,Kaggle_Prepared\train\MS\Health_hyper_133.tif,Kaggle_Prepared\train\RGB\Health_hyper_133.png
Other_hyper_155,Other,Kaggle_Prepared\train\HS\Other_hyper_155.tif,Kaggle_Prepared\train\MS\Other_hyper_155.tif,Kaggle_Prepared\train\RGB\Other_hyper_155.png
Rust_hyper_8,Rust,Kaggle_Prepared\train\HS\Rust_hyper_8.tif,Kaggle_Prepared\train\MS\Rust_hyper_8.tif,Kaggle_Prepared\train\RGB\Rust_hyper_8.png
Rust_hyper_100,Rust,Kaggle_Prepared\train\HS\Rust_hyper_100.tif,Kaggle_Prepared\train\MS\Rust_hyper_100.tif,Kaggle_Prepared\train\RGB\Rust_hyper_100.png
Rust_hyper_64,Rust,Kaggle_Prepared\train\HS\Rust_hyper_64.tif,Kaggle_Prepared\train\MS\Rust_hyper_64.tif,Kaggle_Prepared\train\RGB\Rust_hyper_64.png
Other_hyper_53,Other,Kaggle_Prepared\train\HS\Other_hyper_53.tif,Kaggle_Prepared\train\MS\Other_hyper_53.tif,Kaggle_Prepared\train\RGB\Other_hyper_53.png
Rust_hyper_77,Rust,Kaggle_Prepared\train\HS\Rust_hyper_77.tif,Kaggle_Prepared\train\MS\Rust_hyper_77.tif,Kaggle_Prepared\train\RGB\Rust_hyper_77.png
Health_hyper_180,Health,Kaggle_Prepared\train\HS\Health_hyper_180.tif,Kaggle_Prepared\train\MS\Health_hyper_180.tif,Kaggle_Prepared\train\RGB\Health_hyper_180.png
Other_hyper_113,Other,Kaggle_Prepared\train\HS\Other_hyper_113.tif,Kaggle_Prepared\train\MS\Other_hyper_113.tif,Kaggle_Prepared\train\RGB\Other_hyper_113.png
Other_hyper_91,Other,Kaggle_Prepared\train\HS\Other_hyper_91.tif,Kaggle_Prepared\train\MS\Other_hyper_91.tif,Kaggle_Prepared\train\RGB\Other_hyper_91.png
Health_hyper_194,Health,Kaggle_Prepared\train\HS\Health_hyper_194.tif,Kaggle_Prepared\train\MS\Health_hyper_194.tif,Kaggle_Prepared\train\RGB\Health_hyper_194.png
Other_hyper_135,Other,Kaggle_Prepared\train\HS\Other_hyper_135.tif,Kaggle_Prepared\train\MS\Other_hyper_135.tif,Kaggle_Prepared\train\RGB\Other_hyper_135.png
Rust_hyper_178,Rust,Kaggle_Prepared\train\HS\Rust_hyper_178.tif,Kaggle_Prepared\train\MS\Rust_hyper_178.tif,Kaggle_Prepared\train\RGB\Rust_hyper_178.png
Health_hyper_100,Health,Kaggle_Prepared\train\HS\Health_hyper_100.tif,Kaggle_Prepared\train\MS\Health_hyper_100.tif,Kaggle_Prepared\train\RGB\Health_hyper_100.png
Rust_hyper_15,Rust,Kaggle_Prepared\train\HS\Rust_hyper_15.tif,Kaggle_Prepared\train\MS\Rust_hyper_15.tif,Kaggle_Prepared\train\RGB\Rust_hyper_15.png
Health_hyper_49,Health,Kaggle_Prepared\train\HS\Health_hyper_49.tif,Kaggle_Prepared\train\MS\Health_hyper_49.tif,Kaggle_Prepared\train\RGB\Health_hyper_49.png
Other_hyper_183,Other,Kaggle_Prepared\train\HS\Other_hyper_183.tif,Kaggle_Prepared\train\MS\Other_hyper_183.tif,Kaggle_Prepared\train\RGB\Other_hyper_183.png
Health_hyper_38,Health,Kaggle_Prepared\train\HS\Health_hyper_38.tif,Kaggle_Prepared\train\MS\Health_hyper_38.tif,Kaggle_Prepared\train\RGB\Health_hyper_38.png
Other_hyper_40,Other,Kaggle_Prepared\train\HS\Other_hyper_40.tif,Kaggle_Prepared\train\MS\Other_hyper_40.tif,Kaggle_Prepared\train\RGB\Other_hyper_40.png
Other_hyper_101,Other,Kaggle_Prepared\train\HS\Other_hyper_101.tif,Kaggle_Prepared\train\MS\Other_hyper_101.tif,Kaggle_Prepared\train\RGB\Other_hyper_101.png
Rust_hyper_56,Rust,Kaggle_Prepared\train\HS\Rust_hyper_56.tif,Kaggle_Prepared\train\MS\Rust_hyper_56.tif,Kaggle_Prepared\train\RGB\Rust_hyper_56.png
Rust_hyper_114,Rust,Kaggle_Prepared\train\HS\Rust_hyper_114.tif,Kaggle_Prepared\train\MS\Rust_hyper_114.tif,Kaggle_Prepared\train\RGB\Rust_hyper_114.png
Other_hyper_89,Other,Kaggle_Prepared\train\HS\Other_hyper_89.tif,Kaggle_Prepared\train\MS\Other_hyper_89.tif,Kaggle_Prepared\train\RGB\Other_hyper_89.png
Other_hyper_169,Other,Kaggle_Prepared\train\HS\Other_hyper_169.tif,Kaggle_Prepared\train\MS\Other_hyper_169.tif,Kaggle_Prepared\train\RGB\Other_hyper_169.png
Rust_hyper_94,Rust,Kaggle_Prepared\train\HS\Rust_hyper_94.tif,Kaggle_Prepared\train\MS\Rust_hyper_94.tif,Kaggle_Prepared\train\RGB\Rust_hyper_94.png
Rust_hyper_38,Rust,Kaggle_Prepared\train\HS\Rust_hyper_38.tif,Kaggle_Prepared\train\MS\Rust_hyper_38.tif,Kaggle_Prepared\train\RGB\Rust_hyper_38.png
Health_hyper_47,Health,Kaggle_Prepared\train\HS\Health_hyper_47.tif,Kaggle_Prepared\train\MS\Health_hyper_47.tif,Kaggle_Prepared\train\RGB\Health_hyper_47.png
Health_hyper_25,Health,Kaggle_Prepared\train\HS\Health_hyper_25.tif,Kaggle_Prepared\train\MS\Health_hyper_25.tif,Kaggle_Prepared\train\RGB\Health_hyper_25.png
Health_hyper_26,Health,Kaggle_Prepared\train\HS\Health_hyper_26.tif,Kaggle_Prepared\train\MS\Health_hyper_26.tif,Kaggle_Prepared\train\RGB\Health_hyper_26.png
Rust_hyper_74,Rust,Kaggle_Prepared\train\HS\Rust_hyper_74.tif,Kaggle_Prepared\train\MS\Rust_hyper_74.tif,Kaggle_Prepared\train\RGB\Rust_hyper_74.png
Other_hyper_124,Other,Kaggle_Prepared\train\HS\Other_hyper_124.tif,Kaggle_Prepared\train\MS\Other_hyper_124.tif,Kaggle_Prepared\train\RGB\Other_hyper_124.png
Rust_hyper_126,Rust,Kaggle_Prepared\train\HS\Rust_hyper_126.tif,Kaggle_Prepared\train\MS\Rust_hyper_126.tif,Kaggle_Prepared\train\RGB\Rust_hyper_126.png
Other_hyper_123,Other,Kaggle_Prepared\train\HS\Other_hyper_123.tif,Kaggle_Prepared\train\MS\Other_hyper_123.tif,Kaggle_Prepared\train\RGB\Other_hyper_123.png
Health_hyper_1,Health,Kaggle_Prepared\train\HS\Health_hyper_1.tif,Kaggle_Prepared\train\MS\Health_hyper_1.tif,Kaggle_Prepared\train\RGB\Health_hyper_1.png
Other_hyper_152,Other,Kaggle_Prepared\train\HS\Other_hyper_152.tif,Kaggle_Prepared\train\MS\Other_hyper_152.tif,Kaggle_Prepared\train\RGB\Other_hyper_152.png
Rust_hyper_92,Rust,Kaggle_Prepared\train\HS\Rust_hyper_92.tif,Kaggle_Prepared\train\MS\Rust_hyper_92.tif,Kaggle_Prepared\train\RGB\Rust_hyper_92.png
Other_hyper_140,Other,Kaggle_Prepared\train\HS\Other_hyper_140.tif,Kaggle_Prepared\train\MS\Other_hyper_140.tif,Kaggle_Prepared\train\RGB\Other_hyper_140.png
Other_hyper_56,Other,Kaggle_Prepared\train\HS\Other_hyper_56.tif,Kaggle_Prepared\train\MS\Other_hyper_56.tif,Kaggle_Prepared\train\RGB\Other_hyper_56.png
Rust_hyper_104,Rust,Kaggle_Prepared\train\HS\Rust_hyper_104.tif,Kaggle_Prepared\train\MS\Rust_hyper_104.tif,Kaggle_Prepared\train\RGB\Rust_hyper_104.png
Other_hyper_176,Other,Kaggle_Prepared\train\HS\Other_hyper_176.tif,Kaggle_Prepared\train\MS\Other_hyper_176.tif,Kaggle_Prepared\train\RGB\Other_hyper_176.png
Other_hyper_106,Other,Kaggle_Prepared\train\HS\Other_hyper_106.tif,Kaggle_Prepared\train\MS\Other_hyper_106.tif,Kaggle_Prepared\train\RGB\Other_hyper_106.png
Rust_hyper_46,Rust,Kaggle_Prepared\train\HS\Rust_hyper_46.tif,Kaggle_Prepared\train\MS\Rust_hyper_46.tif,Kaggle_Prepared\train\RGB\Rust_hyper_46.png
Health_hyper_139,Health,Kaggle_Prepared\train\HS\Health_hyper_139.tif,Kaggle_Prepared\train\MS\Health_hyper_139.tif,Kaggle_Prepared\train\RGB\Health_hyper_139.png
Other_hyper_129,Other,Kaggle_Prepared\train\HS\Other_hyper_129.tif,Kaggle_Prepared\train\MS\Other_hyper_129.tif,Kaggle_Prepared\train\RGB\Other_hyper_129.png
Other_hyper_115,Other,Kaggle_Prepared\train\HS\Other_hyper_115.tif,Kaggle_Prepared\train\MS\Other_hyper_115.tif,Kaggle_Prepared\train\RGB\Other_hyper_115.png
Health_hyper_106,Health,Kaggle_Prepared\train\HS\Health_hyper_106.tif,Kaggle_Prepared\train\MS\Health_hyper_106.tif,Kaggle_Prepared\train\RGB\Health_hyper_106.png
Rust_hyper_183,Rust,Kaggle_Prepared\train\HS\Rust_hyper_183.tif,Kaggle_Prepared\train\MS\Rust_hyper_183.tif,Kaggle_Prepared\train\RGB\Rust_hyper_183.png
Health_hyper_33,Health,Kaggle_Prepared\train\HS\Health_hyper_33.tif,Kaggle_Prepared\train\MS\Health_hyper_33.tif,Kaggle_Prepared\train\RGB\Health_hyper_33.png
Health_hyper_109,Health,Kaggle_Prepared\train\HS\Health_hyper_109.tif,Kaggle_Prepared\train\MS\Health_hyper_109.tif,Kaggle_Prepared\train\RGB\Health_hyper_109.png
Health_hyper_167,Health,Kaggle_Prepared\train\HS\Health_hyper_167.tif,Kaggle_Prepared\train\MS\Health_hyper_167.tif,Kaggle_Prepared\train\RGB\Health_hyper_167.png
Other_hyper_13,Other,Kaggle_Prepared\train\HS\Other_hyper_13.tif,Kaggle_Prepared\train\MS\Other_hyper_13.tif,Kaggle_Prepared\train\RGB\Other_hyper_13.png
Other_hyper_122,Other,Kaggle_Prepared\train\HS\Other_hyper_122.tif,Kaggle_Prepared\train\MS\Other_hyper_122.tif,Kaggle_Prepared\train\RGB\Other_hyper_122.png
Other_hyper_148,Other,Kaggle_Prepared\train\HS\Other_hyper_148.tif,Kaggle_Prepared\train\MS\Other_hyper_148.tif,Kaggle_Prepared\train\RGB\Other_hyper_148.png
Rust_hyper_159,Rust,Kaggle_Prepared\train\HS\Rust_hyper_159.tif,Kaggle_Prepared\train\MS\Rust_hyper_159.tif,Kaggle_Prepared\train\RGB\Rust_hyper_159.png
Health_hyper_21,Health,Kaggle_Prepared\train\HS\Health_hyper_21.tif,Kaggle_Prepared\train\MS\Health_hyper_21.tif,Kaggle_Prepared\train\RGB\Health_hyper_21.png
Rust_hyper_193,Rust,Kaggle_Prepared\train\HS\Rust_hyper_193.tif,Kaggle_Prepared\train\MS\Rust_hyper_193.tif,Kaggle_Prepared\train\RGB\Rust_hyper_193.png
Health_hyper_44,Health,Kaggle_Prepared\train\HS\Health_hyper_44.tif,Kaggle_Prepared\train\MS\Health_hyper_44.tif,Kaggle_Prepared\train\RGB\Health_hyper_44.png
Health_hyper_91,Health,Kaggle_Prepared\train\HS\Health_hyper_91.tif,Kaggle_Prepared\train\MS\Health_hyper_91.tif,Kaggle_Prepared\train\RGB\Health_hyper_91.png
Rust_hyper_61,Rust,Kaggle_Prepared\train\HS\Rust_hyper_61.tif,Kaggle_Prepared\train\MS\Rust_hyper_61.tif,Kaggle_Prepared\train\RGB\Rust_hyper_61.png
Health_hyper_140,Health,Kaggle_Prepared\train\HS\Health_hyper_140.tif,Kaggle_Prepared\train\MS\Health_hyper_140.tif,Kaggle_Prepared\train\RGB\Health_hyper_140.png
Rust_hyper_124,Rust,Kaggle_Prepared\train\HS\Rust_hyper_124.tif,Kaggle_Prepared\train\MS\Rust_hyper_124.tif,Kaggle_Prepared\train\RGB\Rust_hyper_124.png
Other_hyper_191,Other,Kaggle_Prepared\train\HS\Other_hyper_191.tif,Kaggle_Prepared\train\MS\Other_hyper_191.tif,Kaggle_Prepared\train\RGB\Other_hyper_191.png
Health_hyper_103,Health,Kaggle_Prepared\train\HS\Health_hyper_103.tif,Kaggle_Prepared\train\MS\Health_hyper_103.tif,Kaggle_Prepared\train\RGB\Health_hyper_103.png
Health_hyper_52,Health,Kaggle_Prepared\train\HS\Health_hyper_52.tif,Kaggle_Prepared\train\MS\Health_hyper_52.tif,Kaggle_Prepared\train\RGB\Health_hyper_52.png
Rust_hyper_75,Rust,Kaggle_Prepared\train\HS\Rust_hyper_75.tif,Kaggle_Prepared\train\MS\Rust_hyper_75.tif,Kaggle_Prepared\train\RGB\Rust_hyper_75.png
Health_hyper_184,Health,Kaggle_Prepared\train\HS\Health_hyper_184.tif,Kaggle_Prepared\train\MS\Health_hyper_184.tif,Kaggle_Prepared\train\RGB\Health_hyper_184.png
Rust_hyper_110,Rust,Kaggle_Prepared\train\HS\Rust_hyper_110.tif,Kaggle_Prepared\train\MS\Rust_hyper_110.tif,Kaggle_Prepared\train\RGB\Rust_hyper_110.png
Health_hyper_22,Health,Kaggle_Prepared\train\HS\Health_hyper_22.tif,Kaggle_Prepared\train\MS\Health_hyper_22.tif,Kaggle_Prepared\train\RGB\Health_hyper_22.png
Other_hyper_10,Other,Kaggle_Prepared\train\HS\Other_hyper_10.tif,Kaggle_Prepared\train\MS\Other_hyper_10.tif,Kaggle_Prepared\train\RGB\Other_hyper_10.png
Health_hyper_123,Health,Kaggle_Prepared\train\HS\Health_hyper_123.tif,Kaggle_Prepared\train\MS\Health_hyper_123.tif,Kaggle_Prepared\train\RGB\Health_hyper_123.png
Health_hyper_198,Health,Kaggle_Prepared\train\HS\Health_hyper_198.tif,Kaggle_Prepared\train\MS\Health_hyper_198.tif,Kaggle_Prepared\train\RGB\Health_hyper_198.png
Health_hyper_104,Health,Kaggle_Prepared\train\HS\Health_hyper_104.tif,Kaggle_Prepared\train\MS\Health_hyper_104.tif,Kaggle_Prepared\train\RGB\Health_hyper_104.png
Rust_hyper_39,Rust,Kaggle_Prepared\train\HS\Rust_hyper_39.tif,Kaggle_Prepared\train\MS\Rust_hyper_39.tif,Kaggle_Prepared\train\RGB\Rust_hyper_39.png
Other_hyper_128,Other,Kaggle_Prepared\train\HS\Other_hyper_128.tif,Kaggle_Prepared\train\MS\Other_hyper_128.tif,Kaggle_Prepared\train\RGB\Other_hyper_128.png
Other_hyper_74,Other,Kaggle_Prepared\train\HS\Other_hyper_74.tif,Kaggle_Prepared\train\MS\Other_hyper_74.tif,Kaggle_Prepared\train\RGB\Other_hyper_74.png
Rust_hyper_25,Rust,Kaggle_Prepared\train\HS\Rust_hyper_25.tif,Kaggle_Prepared\train\MS\Rust_hyper_25.tif,Kaggle_Prepared\train\RGB\Rust_hyper_25.png
Other_hyper_93,Other,Kaggle_Prepared\train\HS\Other_hyper_93.tif,Kaggle_Prepared\train\MS\Other_hyper_93.tif,Kaggle_Prepared\train\RGB\Other_hyper_93.png
Health_hyper_127,Health,Kaggle_Prepared\train\HS\Health_hyper_127.tif,Kaggle_Prepared\train\MS\Health_hyper_127.tif,Kaggle_Prepared\train\RGB\Health_hyper_127.png
Other_hyper_92,Other,Kaggle_Prepared\train\HS\Other_hyper_92.tif,Kaggle_Prepared\train\MS\Other_hyper_92.tif,Kaggle_Prepared\train\RGB\Other_hyper_92.png
Rust_hyper_22,Rust,Kaggle_Prepared\train\HS\Rust_hyper_22.tif,Kaggle_Prepared\train\MS\Rust_hyper_22.tif,Kaggle_Prepared\train\RGB\Rust_hyper_22.png
Other_hyper_118,Other,Kaggle_Prepared\train\HS\Other_hyper_118.tif,Kaggle_Prepared\train\MS\Other_hyper_118.tif,Kaggle_Prepared\train\RGB\Other_hyper_118.png
Other_hyper_173,Other,Kaggle_Prepared\train\HS\Other_hyper_173.tif,Kaggle_Prepared\train\MS\Other_hyper_173.tif,Kaggle_Prepared\train\RGB\Other_hyper_173.png
Other_hyper_87,Other,Kaggle_Prepared\train\HS\Other_hyper_87.tif,Kaggle_Prepared\train\MS\Other_hyper_87.tif,Kaggle_Prepared\train\RGB\Other_hyper_87.png
Rust_hyper_68,Rust,Kaggle_Prepared\train\HS\Rust_hyper_68.tif,Kaggle_Prepared\train\MS\Rust_hyper_68.tif,Kaggle_Prepared\train\RGB\Rust_hyper_68.png
Health_hyper_13,Health,Kaggle_Prepared\train\HS\Health_hyper_13.tif,Kaggle_Prepared\train\MS\Health_hyper_13.tif,Kaggle_Prepared\train\RGB\Health_hyper_13.png
Health_hyper_130,Health,Kaggle_Prepared\train\HS\Health_hyper_130.tif,Kaggle_Prepared\train\MS\Health_hyper_130.tif,Kaggle_Prepared\train\RGB\Health_hyper_130.png
Other_hyper_46,Other,Kaggle_Prepared\train\HS\Other_hyper_46.tif,Kaggle_Prepared\train\MS\Other_hyper_46.tif,Kaggle_Prepared\train\RGB\Other_hyper_46.png
Health_hyper_66,Health,Kaggle_Prepared\train\HS\Health_hyper_66.tif,Kaggle_Prepared\train\MS\Health_hyper_66.tif,Kaggle_Prepared\train\RGB\Health_hyper_66.png
Health_hyper_34,Health,Kaggle_Prepared\train\HS\Health_hyper_34.tif,Kaggle_Prepared\train\MS\Health_hyper_34.tif,Kaggle_Prepared\train\RGB\Health_hyper_34.png
Rust_hyper_52,Rust,Kaggle_Prepared\train\HS\Rust_hyper_52.tif,Kaggle_Prepared\train\MS\Rust_hyper_52.tif,Kaggle_Prepared\train\RGB\Rust_hyper_52.png
Other_hyper_199,Other,Kaggle_Prepared\train\HS\Other_hyper_199.tif,Kaggle_Prepared\train\MS\Other_hyper_199.tif,Kaggle_Prepared\train\RGB\Other_hyper_199.png
Rust_hyper_128,Rust,Kaggle_Prepared\train\HS\Rust_hyper_128.tif,Kaggle_Prepared\train\MS\Rust_hyper_128.tif,Kaggle_Prepared\train\RGB\Rust_hyper_128.png
Other_hyper_153,Other,Kaggle_Prepared\train\HS\Other_hyper_153.tif,Kaggle_Prepared\train\MS\Other_hyper_153.tif,Kaggle_Prepared\train\RGB\Other_hyper_153.png
Rust_hyper_174,Rust,Kaggle_Prepared\train\HS\Rust_hyper_174.tif,Kaggle_Prepared\train\MS\Rust_hyper_174.tif,Kaggle_Prepared\train\RGB\Rust_hyper_174.png
Health_hyper_14,Health,Kaggle_Prepared\train\HS\Health_hyper_14.tif,Kaggle_Prepared\train\MS\Health_hyper_14.tif,Kaggle_Prepared\train\RGB\Health_hyper_14.png
Rust_hyper_79,Rust,Kaggle_Prepared\train\HS\Rust_hyper_79.tif,Kaggle_Prepared\train\MS\Rust_hyper_79.tif,Kaggle_Prepared\train\RGB\Rust_hyper_79.png
Other_hyper_1,Other,Kaggle_Prepared\train\HS\Other_hyper_1.tif,Kaggle_Prepared\train\MS\Other_hyper_1.tif,Kaggle_Prepared\train\RGB\Other_hyper_1.png
Other_hyper_194,Other,Kaggle_Prepared\train\HS\Other_hyper_194.tif,Kaggle_Prepared\train\MS\Other_hyper_194.tif,Kaggle_Prepared\train\RGB\Other_hyper_194.png
Rust_hyper_59,Rust,Kaggle_Prepared\train\HS\Rust_hyper_59.tif,Kaggle_Prepared\train\MS\Rust_hyper_59.tif,Kaggle_Prepared\train\RGB\Rust_hyper_59.png
Health_hyper_169,Health,Kaggle_Prepared\train\HS\Health_hyper_169.tif,Kaggle_Prepared\train\MS\Health_hyper_169.tif,Kaggle_Prepared\train\RGB\Health_hyper_169.png
Other_hyper_86,Other,Kaggle_Prepared\train\HS\Other_hyper_86.tif,Kaggle_Prepared\train\MS\Other_hyper_86.tif,Kaggle_Prepared\train\RGB\Other_hyper_86.png
Health_hyper_54,Health,Kaggle_Prepared\train\HS\Health_hyper_54.tif,Kaggle_Prepared\train\MS\Health_hyper_54.tif,Kaggle_Prepared\train\RGB\Health_hyper_54.png
Health_hyper_95,Health,Kaggle_Prepared\train\HS\Health_hyper_95.tif,Kaggle_Prepared\train\MS\Health_hyper_95.tif,Kaggle_Prepared\train\RGB\Health_hyper_95.png
Other_hyper_95,Other,Kaggle_Prepared\train\HS\Other_hyper_95.tif,Kaggle_Prepared\train\MS\Other_hyper_95.tif,Kaggle_Prepared\train\RGB\Other_hyper_95.png
Rust_hyper_20,Rust,Kaggle_Prepared\train\HS\Rust_hyper_20.tif,Kaggle_Prepared\train\MS\Rust_hyper_20.tif,Kaggle_Prepared\train\RGB\Rust_hyper_20.png
Other_hyper_164,Other,Kaggle_Prepared\train\HS\Other_hyper_164.tif,Kaggle_Prepared\train\MS\Other_hyper_164.tif,Kaggle_Prepared\train\RGB\Other_hyper_164.png
Other_hyper_11,Other,Kaggle_Prepared\train\HS\Other_hyper_11.tif,Kaggle_Prepared\train\MS\Other_hyper_11.tif,Kaggle_Prepared\train\RGB\Other_hyper_11.png
Health_hyper_171,Health,Kaggle_Prepared\train\HS\Health_hyper_171.tif,Kaggle_Prepared\train\MS\Health_hyper_171.tif,Kaggle_Prepared\train\RGB\Health_hyper_171.png
Other_hyper_58,Other,Kaggle_Prepared\train\HS\Other_hyper_58.tif,Kaggle_Prepared\train\MS\Other_hyper_58.tif,Kaggle_Prepared\train\RGB\Other_hyper_58.png
Other_hyper_150,Other,Kaggle_Prepared\train\HS\Other_hyper_150.tif,Kaggle_Prepared\train\MS\Other_hyper_150.tif,Kaggle_Prepared\train\RGB\Other_hyper_150.png
Health_hyper_170,Health,Kaggle_Prepared\train\HS\Health_hyper_170.tif,Kaggle_Prepared\train\MS\Health_hyper_170.tif,Kaggle_Prepared\train\RGB\Health_hyper_170.png
Rust_hyper_55,Rust,Kaggle_Prepared\train\HS\Rust_hyper_55.tif,Kaggle_Prepared\train\MS\Rust_hyper_55.tif,Kaggle_Prepared\train\RGB\Rust_hyper_55.png
Rust_hyper_19,Rust,Kaggle_Prepared\train\HS\Rust_hyper_19.tif,Kaggle_Prepared\train\MS\Rust_hyper_19.tif,Kaggle_Prepared\train\RGB\Rust_hyper_19.png
Health_hyper_16,Health,Kaggle_Prepared\train\HS\Health_hyper_16.tif,Kaggle_Prepared\train\MS\Health_hyper_16.tif,Kaggle_Prepared\train\RGB\Health_hyper_16.png
Other_hyper_171,Other,Kaggle_Prepared\train\HS\Other_hyper_171.tif,Kaggle_Prepared\train\MS\Other_hyper_171.tif,Kaggle_Prepared\train\RGB\Other_hyper_171.png
Other_hyper_82,Other,Kaggle_Prepared\train\HS\Other_hyper_82.tif,Kaggle_Prepared\train\MS\Other_hyper_82.tif,Kaggle_Prepared\train\RGB\Other_hyper_82.png
Other_hyper_126,Other,Kaggle_Prepared\train\HS\Other_hyper_126.tif,Kaggle_Prepared\train\MS\Other_hyper_126.tif,Kaggle_Prepared\train\RGB\Other_hyper_126.png
Health_hyper_43,Health,Kaggle_Prepared\train\HS\Health_hyper_43.tif,Kaggle_Prepared\train\MS\Health_hyper_43.tif,Kaggle_Prepared\train\RGB\Health_hyper_43.png
Health_hyper_154,Health,Kaggle_Prepared\train\HS\Health_hyper_154.tif,Kaggle_Prepared\train\MS\Health_hyper_154.tif,Kaggle_Prepared\train\RGB\Health_hyper_154.png
Rust_hyper_184,Rust,Kaggle_Prepared\train\HS\Rust_hyper_184.tif,Kaggle_Prepared\train\MS\Rust_hyper_184.tif,Kaggle_Prepared\train\RGB\Rust_hyper_184.png
Rust_hyper_65,Rust,Kaggle_Prepared\train\HS\Rust_hyper_65.tif,Kaggle_Prepared\train\MS\Rust_hyper_65.tif,Kaggle_Prepared\train\RGB\Rust_hyper_65.png
Health_hyper_197,Health,Kaggle_Prepared\train\HS\Health_hyper_197.tif,Kaggle_Prepared\train\MS\Health_hyper_197.tif,Kaggle_Prepared\train\RGB\Health_hyper_197.png
Health_hyper_72,Health,Kaggle_Prepared\train\HS\Health_hyper_72.tif,Kaggle_Prepared\train\MS\Health_hyper_72.tif,Kaggle_Prepared\train\RGB\Health_hyper_72.png
Rust_hyper_45,Rust,Kaggle_Prepared\train\HS\Rust_hyper_45.tif,Kaggle_Prepared\train\MS\Rust_hyper_45.tif,Kaggle_Prepared\train\RGB\Rust_hyper_45.png
Health_hyper_152,Health,Kaggle_Prepared\train\HS\Health_hyper_152.tif,Kaggle_Prepared\train\MS\Health_hyper_152.tif,Kaggle_Prepared\train\RGB\Health_hyper_152.png
Rust_hyper_164,Rust,Kaggle_Prepared\train\HS\Rust_hyper_164.tif,Kaggle_Prepared\train\MS\Rust_hyper_164.tif,Kaggle_Prepared\train\RGB\Rust_hyper_164.png
Rust_hyper_149,Rust,Kaggle_Prepared\train\HS\Rust_hyper_149.tif,Kaggle_Prepared\train\MS\Rust_hyper_149.tif,Kaggle_Prepared\train\RGB\Rust_hyper_149.png
Other_hyper_27,Other,Kaggle_Prepared\train\HS\Other_hyper_27.tif,Kaggle_Prepared\train\MS\Other_hyper_27.tif,Kaggle_Prepared\train\RGB\Other_hyper_27.png
Other_hyper_143,Other,Kaggle_Prepared\train\HS\Other_hyper_143.tif,Kaggle_Prepared\train\MS\Other_hyper_143.tif,Kaggle_Prepared\train\RGB\Other_hyper_143.png
Rust_hyper_135,Rust,Kaggle_Prepared\train\HS\Rust_hyper_135.tif,Kaggle_Prepared\train\MS\Rust_hyper_135.tif,Kaggle_Prepared\train\RGB\Rust_hyper_135.png
Health_hyper_83,Health,Kaggle_Prepared\train\HS\Health_hyper_83.tif,Kaggle_Prepared\train\MS\Health_hyper_83.tif,Kaggle_Prepared\train\RGB\Health_hyper_83.png
Health_hyper_143,Health,Kaggle_Prepared\train\HS\Health_hyper_143.tif,Kaggle_Prepared\train\MS\Health_hyper_143.tif,Kaggle_Prepared\train\RGB\Health_hyper_143.png
Other_hyper_80,Other,Kaggle_Prepared\train\HS\Other_hyper_80.tif,Kaggle_Prepared\train\MS\Other_hyper_80.tif,Kaggle_Prepared\train\RGB\Other_hyper_80.png
Rust_hyper_66,Rust,Kaggle_Prepared\train\HS\Rust_hyper_66.tif,Kaggle_Prepared\train\MS\Rust_hyper_66.tif,Kaggle_Prepared\train\RGB\Rust_hyper_66.png
Health_hyper_32,Health,Kaggle_Prepared\train\HS\Health_hyper_32.tif,Kaggle_Prepared\train\MS\Health_hyper_32.tif,Kaggle_Prepared\train\RGB\Health_hyper_32.png
Rust_hyper_102,Rust,Kaggle_Prepared\train\HS\Rust_hyper_102.tif,Kaggle_Prepared\train\MS\Rust_hyper_102.tif,Kaggle_Prepared\train\RGB\Rust_hyper_102.png
Rust_hyper_47,Rust,Kaggle_Prepared\train\HS\Rust_hyper_47.tif,Kaggle_Prepared\train\MS\Rust_hyper_47.tif,Kaggle_Prepared\train\RGB\Rust_hyper_47.png
Rust_hyper_166,Rust,Kaggle_Prepared\train\HS\Rust_hyper_166.tif,Kaggle_Prepared\train\MS\Rust_hyper_166.tif,Kaggle_Prepared\train\RGB\Rust_hyper_166.png
Health_hyper_86,Health,Kaggle_Prepared\train\HS\Health_hyper_86.tif,Kaggle_Prepared\train\MS\Health_hyper_86.tif,Kaggle_Prepared\train\RGB\Health_hyper_86.png
Health_hyper_17,Health,Kaggle_Prepared\train\HS\Health_hyper_17.tif,Kaggle_Prepared\train\MS\Health_hyper_17.tif,Kaggle_Prepared\train\RGB\Health_hyper_17.png
Other_hyper_60,Other,Kaggle_Prepared\train\HS\Other_hyper_60.tif,Kaggle_Prepared\train\MS\Other_hyper_60.tif,Kaggle_Prepared\train\RGB\Other_hyper_60.png
Other_hyper_4,Other,Kaggle_Prepared\train\HS\Other_hyper_4.tif,Kaggle_Prepared\train\MS\Other_hyper_4.tif,Kaggle_Prepared\train\RGB\Other_hyper_4.png
Health_hyper_125,Health,Kaggle_Prepared\train\HS\Health_hyper_125.tif,Kaggle_Prepared\train\MS\Health_hyper_125.tif,Kaggle_Prepared\train\RGB\Health_hyper_125.png
Rust_hyper_195,Rust,Kaggle_Prepared\train\HS\Rust_hyper_195.tif,Kaggle_Prepared\train\MS\Rust_hyper_195.tif,Kaggle_Prepared\train\RGB\Rust_hyper_195.png
Health_hyper_160,Health,Kaggle_Prepared\train\HS\Health_hyper_160.tif,Kaggle_Prepared\train\MS\Health_hyper_160.tif,Kaggle_Prepared\train\RGB\Health_hyper_160.png
Health_hyper_105,Health,Kaggle_Prepared\train\HS\Health_hyper_105.tif,Kaggle_Prepared\train\MS\Health_hyper_105.tif,Kaggle_Prepared\train\RGB\Health_hyper_105.png
Other_hyper_163,Other,Kaggle_Prepared\train\HS\Other_hyper_163.tif,Kaggle_Prepared\train\MS\Other_hyper_163.tif,Kaggle_Prepared\train\RGB\Other_hyper_163.png
Other_hyper_81,Other,Kaggle_Prepared\train\HS\Other_hyper_81.tif,Kaggle_Prepared\train\MS\Other_hyper_81.tif,Kaggle_Prepared\train\RGB\Other_hyper_81.png
Other_hyper_41,Other,Kaggle_Prepared\train\HS\Other_hyper_41.tif,Kaggle_Prepared\train\MS\Other_hyper_41.tif,Kaggle_Prepared\train\RGB\Other_hyper_41.png
Other_hyper_98,Other,Kaggle_Prepared\train\HS\Other_hyper_98.tif,Kaggle_Prepared\train\MS\Other_hyper_98.tif,Kaggle_Prepared\train\RGB\Other_hyper_98.png
Other_hyper_8,Other,Kaggle_Prepared\train\HS\Other_hyper_8.tif,Kaggle_Prepared\train\MS\Other_hyper_8.tif,Kaggle_Prepared\train\RGB\Other_hyper_8.png
Other_hyper_134,Other,Kaggle_Prepared\train\HS\Other_hyper_134.tif,Kaggle_Prepared\train\MS\Other_hyper_134.tif,Kaggle_Prepared\train\RGB\Other_hyper_134.png
Rust_hyper_146,Rust,Kaggle_Prepared\train\HS\Rust_hyper_146.tif,Kaggle_Prepared\train\MS\Rust_hyper_146.tif,Kaggle_Prepared\train\RGB\Rust_hyper_146.png
Health_hyper_2,Health,Kaggle_Prepared\train\HS\Health_hyper_2.tif,Kaggle_Prepared\train\MS\Health_hyper_2.tif,Kaggle_Prepared\train\RGB\Health_hyper_2.png
Health_hyper_181,Health,Kaggle_Prepared\train\HS\Health_hyper_181.tif,Kaggle_Prepared\train\MS\Health_hyper_181.tif,Kaggle_Prepared\train\RGB\Health_hyper_181.png
Other_hyper_36,Other,Kaggle_Prepared\train\HS\Other_hyper_36.tif,Kaggle_Prepared\train\MS\Other_hyper_36.tif,Kaggle_Prepared\train\RGB\Other_hyper_36.png
Rust_hyper_72,Rust,Kaggle_Prepared\train\HS\Rust_hyper_72.tif,Kaggle_Prepared\train\MS\Rust_hyper_72.tif,Kaggle_Prepared\train\RGB\Rust_hyper_72.png
Rust_hyper_5,Rust,Kaggle_Prepared\train\HS\Rust_hyper_5.tif,Kaggle_Prepared\train\MS\Rust_hyper_5.tif,Kaggle_Prepared\train\RGB\Rust_hyper_5.png
Health_hyper_164,Health,Kaggle_Prepared\train\HS\Health_hyper_164.tif,Kaggle_Prepared\train\MS\Health_hyper_164.tif,Kaggle_Prepared\train\RGB\Health_hyper_164.png
Rust_hyper_133,Rust,Kaggle_Prepared\train\HS\Rust_hyper_133.tif,Kaggle_Prepared\train\MS\Rust_hyper_133.tif,Kaggle_Prepared\train\RGB\Rust_hyper_133.png
Health_hyper_120,Health,Kaggle_Prepared\train\HS\Health_hyper_120.tif,Kaggle_Prepared\train\MS\Health_hyper_120.tif,Kaggle_Prepared\train\RGB\Health_hyper_120.png
Rust_hyper_107,Rust,Kaggle_Prepared\train\HS\Rust_hyper_107.tif,Kaggle_Prepared\train\MS\Rust_hyper_107.tif,Kaggle_Prepared\train\RGB\Rust_hyper_107.png
Health_hyper_58,Health,Kaggle_Prepared\train\HS\Health_hyper_58.tif,Kaggle_Prepared\train\MS\Health_hyper_58.tif,Kaggle_Prepared\train\RGB\Health_hyper_58.png
Health_hyper_157,Health,Kaggle_Prepared\train\HS\Health_hyper_157.tif,Kaggle_Prepared\train\MS\Health_hyper_157.tif,Kaggle_Prepared\train\RGB\Health_hyper_157.png
Rust_hyper_121,Rust,Kaggle_Prepared\train\HS\Rust_hyper_121.tif,Kaggle_Prepared\train\MS\Rust_hyper_121.tif,Kaggle_Prepared\train\RGB\Rust_hyper_121.png
Rust_hyper_16,Rust,Kaggle_Prepared\train\HS\Rust_hyper_16.tif,Kaggle_Prepared\train\MS\Rust_hyper_16.tif,Kaggle_Prepared\train\RGB\Rust_hyper_16.png
Other_hyper_20,Other,Kaggle_Prepared\train\HS\Other_hyper_20.tif,Kaggle_Prepared\train\MS\Other_hyper_20.tif,Kaggle_Prepared\train\RGB\Other_hyper_20.png
Rust_hyper_54,Rust,Kaggle_Prepared\train\HS\Rust_hyper_54.tif,Kaggle_Prepared\train\MS\Rust_hyper_54.tif,Kaggle_Prepared\train\RGB\Rust_hyper_54.png
Rust_hyper_180,Rust,Kaggle_Prepared\train\HS\Rust_hyper_180.tif,Kaggle_Prepared\train\MS\Rust_hyper_180.tif,Kaggle_Prepared\train\RGB\Rust_hyper_180.png
Other_hyper_47,Other,Kaggle_Prepared\train\HS\Other_hyper_47.tif,Kaggle_Prepared\train\MS\Other_hyper_47.tif,Kaggle_Prepared\train\RGB\Other_hyper_47.png
Other_hyper_111,Other,Kaggle_Prepared\train\HS\Other_hyper_111.tif,Kaggle_Prepared\train\MS\Other_hyper_111.tif,Kaggle_Prepared\train\RGB\Other_hyper_111.png
Rust_hyper_103,Rust,Kaggle_Prepared\train\HS\Rust_hyper_103.tif,Kaggle_Prepared\train\MS\Rust_hyper_103.tif,Kaggle_Prepared\train\RGB\Rust_hyper_103.png
Rust_hyper_169,Rust,Kaggle_Prepared\train\HS\Rust_hyper_169.tif,Kaggle_Prepared\train\MS\Rust_hyper_169.tif,Kaggle_Prepared\train\RGB\Rust_hyper_169.png
Health_hyper_185,Health,Kaggle_Prepared\train\HS\Health_hyper_185.tif,Kaggle_Prepared\train\MS\Health_hyper_185.tif,Kaggle_Prepared\train\RGB\Health_hyper_185.png
Rust_hyper_62,Rust,Kaggle_Prepared\train\HS\Rust_hyper_62.tif,Kaggle_Prepared\train\MS\Rust_hyper_62.tif,Kaggle_Prepared\train\RGB\Rust_hyper_62.png
Rust_hyper_161,Rust,Kaggle_Prepared\train\HS\Rust_hyper_161.tif,Kaggle_Prepared\train\MS\Rust_hyper_161.tif,Kaggle_Prepared\train\RGB\Rust_hyper_161.png
Rust_hyper_106,Rust,Kaggle_Prepared\train\HS\Rust_hyper_106.tif,Kaggle_Prepared\train\MS\Rust_hyper_106.tif,Kaggle_Prepared\train\RGB\Rust_hyper_106.png
Other_hyper_104,Other,Kaggle_Prepared\train\HS\Other_hyper_104.tif,Kaggle_Prepared\train\MS\Other_hyper_104.tif,Kaggle_Prepared\train\RGB\Other_hyper_104.png
Rust_hyper_101,Rust,Kaggle_Prepared\train\HS\Rust_hyper_101.tif,Kaggle_Prepared\train\MS\Rust_hyper_101.tif,Kaggle_Prepared\train\RGB\Rust_hyper_101.png
Health_hyper_199,Health,Kaggle_Prepared\train\HS\Health_hyper_199.tif,Kaggle_Prepared\train\MS\Health_hyper_199.tif,Kaggle_Prepared\train\RGB\Health_hyper_199.png
Health_hyper_188,Health,Kaggle_Prepared\train\HS\Health_hyper_188.tif,Kaggle_Prepared\train\MS\Health_hyper_188.tif,Kaggle_Prepared\train\RGB\Health_hyper_188.png
Rust_hyper_6,Rust,Kaggle_Prepared\train\HS\Rust_hyper_6.tif,Kaggle_Prepared\train\MS\Rust_hyper_6.tif,Kaggle_Prepared\train\RGB\Rust_hyper_6.png
Other_hyper_119,Other,Kaggle_Prepared\train\HS\Other_hyper_119.tif,Kaggle_Prepared\train\MS\Other_hyper_119.tif,Kaggle_Prepared\train\RGB\Other_hyper_119.png
Other_hyper_14,Other,Kaggle_Prepared\train\HS\Other_hyper_14.tif,Kaggle_Prepared\train\MS\Other_hyper_14.tif,Kaggle_Prepared\train\RGB\Other_hyper_14.png
Health_hyper_81,Health,Kaggle_Prepared\train\HS\Health_hyper_81.tif,Kaggle_Prepared\train\MS\Health_hyper_81.tif,Kaggle_Prepared\train\RGB\Health_hyper_81.png
Other_hyper_102,Other,Kaggle_Prepared\train\HS\Other_hyper_102.tif,Kaggle_Prepared\train\MS\Other_hyper_102.tif,Kaggle_Prepared\train\RGB\Other_hyper_102.png
Rust_hyper_33,Rust,Kaggle_Prepared\train\HS\Rust_hyper_33.tif,Kaggle_Prepared\train\MS\Rust_hyper_33.tif,Kaggle_Prepared\train\RGB\Rust_hyper_33.png
Health_hyper_12,Health,Kaggle_Prepared\train\HS\Health_hyper_12.tif,Kaggle_Prepared\train\MS\Health_hyper_12.tif,Kaggle_Prepared\train\RGB\Health_hyper_12.png
Health_hyper_67,Health,Kaggle_Prepared\train\HS\Health_hyper_67.tif,Kaggle_Prepared\train\MS\Health_hyper_67.tif,Kaggle_Prepared\train\RGB\Health_hyper_67.png
Health_hyper_173,Health,Kaggle_Prepared\train\HS\Health_hyper_173.tif,Kaggle_Prepared\train\MS\Health_hyper_173.tif,Kaggle_Prepared\train\RGB\Health_hyper_173.png
Rust_hyper_21,Rust,Kaggle_Prepared\train\HS\Rust_hyper_21.tif,Kaggle_Prepared\train\MS\Rust_hyper_21.tif,Kaggle_Prepared\train\RGB\Rust_hyper_21.png
Other_hyper_157,Other,Kaggle_Prepared\train\HS\Other_hyper_157.tif,Kaggle_Prepared\train\MS\Other_hyper_157.tif,Kaggle_Prepared\train\RGB\Other_hyper_157.png
Health_hyper_119,Health,Kaggle_Prepared\train\HS\Health_hyper_119.tif,Kaggle_Prepared\train\MS\Health_hyper_119.tif,Kaggle_Prepared\train\RGB\Health_hyper_119.png
Other_hyper_179,Other,Kaggle_Prepared\train\HS\Other_hyper_179.tif,Kaggle_Prepared\train\MS\Other_hyper_179.tif,Kaggle_Prepared\train\RGB\Other_hyper_179.png
Other_hyper_139,Other,Kaggle_Prepared\train\HS\Other_hyper_139.tif,Kaggle_Prepared\train\MS\Other_hyper_139.tif,Kaggle_Prepared\train\RGB\Other_hyper_139.png
Rust_hyper_136,Rust,Kaggle_Prepared\train\HS\Rust_hyper_136.tif,Kaggle_Prepared\train\MS\Rust_hyper_136.tif,Kaggle_Prepared\train\RGB\Rust_hyper_136.png
Rust_hyper_144,Rust,Kaggle_Prepared\train\HS\Rust_hyper_144.tif,Kaggle_Prepared\train\MS\Rust_hyper_144.tif,Kaggle_Prepared\train\RGB\Rust_hyper_144.png
